ds,trend,yhat_lower,yhat_upper,trend_lower,trend_upper,multiplicative_terms,multiplicative_terms_lower,multiplicative_terms_upper,weekly,weekly_lower,weekly_upper,yearly,yearly_lower,yearly_upper,additive_terms,additive_terms_lower,additive_terms_upper,yhat
2010-12-01,21589.1750154631,28045.55821084785,54244.495543897516,21589.1750154631,21589.1750154631,0.8897580078307071,0.8897580078307071,0.8897580078307071,-0.010695895047461754,-0.010695895047461754,-0.010695895047461754,0.900453902878169,0.900453902878169,0.900453902878169,0.0,0.0,0.0,40798.31636793003
2010-12-02,21629.742766316696,34716.702508300994,61052.0434578675,21629.742766316696,21629.742766316696,1.1900012776386961,1.1900012776386961,1.1900012776386961,0.29744826299992455,0.29744826299992455,0.29744826299992455,0.8925530146387715,0.8925530146387715,0.8925530146387715,0.0,0.0,0.0,47369.16429322991
2010-12-03,21670.310517170292,25441.197406396375,51774.517807411874,21670.310517170292,21670.310517170292,0.7882946286219156,0.7882946286219156,0.7882946286219156,-0.08812944484223961,-0.08812944484223961,-0.08812944484223961,0.8764240734641553,0.8764240734641553,0.8764240734641553,0.0,0.0,0.0,38752.899898424635
2010-12-05,21751.446018877483,16624.770720873857,42787.6240886469,21751.446018877483,21751.446018877483,0.37183795385677804,0.37183795385677804,0.37183795385677804,-0.4471953073131532,-0.4471953073131532,-0.4471953073131532,0.8190332611699312,0.8190332611699312,0.8190332611699312,0.0,0.0,0.0,29839.459199963047
2010-12-06,21792.01376973108,24603.91157073216,51812.6672407167,21792.01376973108,21792.01376973108,0.7271208235933448,0.7271208235933448,0.7271208235933448,-0.05083261542574946,-0.05083261542574946,-0.05083261542574946,0.7779534390190943,0.7779534390190943,0.7779534390190943,0.0,0.0,0.0,37637.440769735455
2010-12-07,21832.581520584674,27396.928181464435,53509.4642878009,21832.581520584674,21832.581520584674,0.8336011020993239,0.8336011020993239,0.8336011020993239,0.10458403324387965,0.10458403324387965,0.10458403324387965,0.7290170688554443,0.7290170688554443,0.7290170688554443,0.0,0.0,0.0,40032.24553781739
2010-12-08,21873.149271438273,22168.17810828786,50523.54861508156,21873.149271438273,21873.149271438273,0.662035493920203,0.662035493920203,0.662035493920203,-0.010695895049385312,-0.010695895049385312,-0.010695895049385312,0.6727313889695883,0.6727313889695883,0.6727313889695883,0.0,0.0,0.0,36353.95045294524
2010-12-09,21913.71702229187,28056.108706958923,54426.398234598135,21913.71702229187,21913.71702229187,0.9072111600032848,0.9072111600032848,0.9072111600032848,0.29744826300020316,0.29744826300020316,0.29744826300020316,0.6097628970030817,0.6097628970030817,0.6097628970030817,0.0,0.0,0.0,41794.085662069
2010-12-10,21954.284773145468,19270.59257089159,45573.39510633471,21954.284773145468,21954.284773145468,0.4527976917750178,0.4527976917750178,0.4527976917750178,-0.08812944484233698,-0.08812944484233698,-0.08812944484233698,0.5409271366173547,0.5409271366173547,0.5409271366173547,0.0,0.0,0.0,31895.134242997156
2010-12-12,22035.42027485266,7263.325396905066,34142.575200048996,22035.42027485266,22035.42027485266,-0.057621642435331744,-0.057621642435331744,-0.057621642435331744,-0.4471953073139486,-0.4471953073139486,-0.4471953073139486,0.38957366487861683,0.38957366487861683,0.38957366487861683,0.0,0.0,0.0,20765.70316686284
2010-12-13,22075.98801863969,14097.303626427007,40450.52828358426,22075.98801863969,22075.98801863969,0.25845638028476386,0.25845638028476386,0.25845638028476386,-0.050832615426464056,-0.050832615426464056,-0.050832615426464056,0.3092889957112279,0.3092889957112279,0.3092889957112279,0.0,0.0,0.0,27781.667973147123
2010-12-14,22116.555762426728,15377.915661214387,42144.88194822078,22116.555762426728,22116.555762426728,0.33214312746487057,0.33214312746487057,0.33214312746487057,0.104584033242626,0.104584033242626,0.104584033242626,0.22755909422224457,0.22755909422224457,0.22755909422224457,0.0,0.0,0.0,29462.417762110344
2010-12-15,22157.12350621376,11195.089623910859,38103.03531974775,22157.12350621376,22157.12350621376,0.1349744047973924,0.1349744047973924,0.1349744047973924,-0.010695895048237397,-0.010695895048237397,-0.010695895048237397,0.14567029984562976,0.14567029984562976,0.14567029984562976,0.0,0.0,0.0,25147.768063487274
2010-12-16,22197.691250000793,16763.595517693546,43443.51586243886,22197.691250000793,22197.691250000793,0.36237803537539015,0.36237803537539015,0.36237803537539015,0.2974482630004817,0.2974482630004817,0.2974482630004817,0.06492977237490846,0.06492977237490846,0.06492977237490846,0.0,0.0,0.0,30241.646995045572
2010-12-17,22238.25899378783,6367.582472951769,33078.87844183708,22238.25899378783,22238.25899378783,-0.10149199164755102,-0.10149199164755102,-0.10149199164755102,-0.08812944484213237,-0.08812944484213237,-0.08812944484213237,-0.013362546805418637,-0.013362546805418637,-0.013362546805418637,0.0,0.0,0.0,19981.25379773424
2010-12-19,22319.3944813619,-5838.131048911892,22375.21668260516,22319.3944813619,22319.3944813619,-0.6048035191652216,-0.6048035191652216,-0.6048035191652216,-0.4471953073125824,-0.4471953073125824,-0.4471953073125824,-0.15760821185263912,-0.15760821185263912,-0.15760821185263912,0.0,0.0,0.0,8820.546153397398
2010-12-20,22359.96222514893,2513.780938369479,28577.203334374455,22359.96222514893,22359.96222514893,-0.2720821613856475,-0.2720821613856475,-0.2720821613856475,-0.05083261542663324,-0.05083261542663324,-0.05083261542663324,-0.22124954595901428,-0.22124954595901428,-0.22124954595901428,0.0,0.0,0.0,16276.215374428979
2010-12-21,22400.529968935967,3883.53634763927,32192.369937046875,22400.529968935967,22400.529968935967,-0.17328630207295698,-0.17328630207295698,-0.17328630207295698,0.10458403324460284,0.10458403324460284,0.10458403324460284,-0.27787033531755984,-0.27787033531755984,-0.27787033531755984,0.0,0.0,0.0,18518.824966144606
2010-12-22,22441.097712723,1548.9947927951841,27415.74744568951,22441.097712723,22441.097712723,-0.3373081728504774,-0.3373081728504774,-0.3373081728504774,-0.010695895048625156,-0.010695895048625156,-0.010695895048625156,-0.3266122778018522,-0.3266122778018522,-0.3266122778018522,0.0,0.0,0.0,14871.532046485376
2010-12-23,22481.665456396662,7396.358853934778,35232.14779130155,22481.665456396662,22481.665456396662,-0.06932595025237173,-0.06932595025237173,-0.06932595025237173,0.29744826299961263,0.29744826299961263,0.29744826299961263,-0.36677421325198434,-0.36677421325198434,-0.36677421325198434,0.0,0.0,0.0,20923.102635376043
2011-01-04,22968.478380480614,7173.172255224919,35159.97303911385,22968.478380480614,22968.478380480614,-0.07073123943098523,-0.07073123943098523,-0.07073123943098523,0.10458403324357847,0.10458403324357847,0.10458403324357847,-0.1753152726745637,-0.1753152726745637,-0.1753152726745637,0.0,0.0,0.0,21343.88943678543
2011-01-05,23009.046124154276,6290.5765825407,32976.00698605669,23009.046124154276,23009.046124154276,-0.13314611881528163,-0.13314611881528163,-0.13314611881528163,-0.010695895046224063,-0.010695895046224063,-0.010695895046224063,-0.12245022376905756,-0.12245022376905756,-0.12245022376905756,0.0,0.0,0.0,19945.480935081338
2011-01-06,23049.61386782794,14873.142620656046,42141.229473193445,23049.61386782794,23049.61386782794,0.2284173493428832,0.2284173493428832,0.2284173493428832,0.2974482630001698,0.2974482630001698,0.2974482630001698,-0.0690309136572866,-0.0690309136572866,-0.0690309136572866,0.0,0.0,0.0,28314.545570894155
2011-01-07,23090.181611501604,6913.302316390335,35061.16167630114,23090.181611501604,23090.181611501604,-0.10446684286227176,-0.10446684286227176,-0.10446684286227176,-0.08812944484256874,-0.08812944484256874,-0.08812944484256874,-0.01633739801970302,-0.01633739801970302,-0.01633739801970302,0.0,0.0,0.0,20678.02323743155
2011-01-09,23171.317098848926,2386.7040077281295,28783.99071993491,23171.317098848926,23171.317098848926,-0.3652075673119154,-0.3652075673119154,-0.3652075673119154,-0.4471953073141234,-0.4471953073141234,-0.4471953073141234,0.08198774000220799,0.08198774000220799,0.08198774000220799,0.0,0.0,0.0,14708.976749765321
2011-01-10,23211.884842522588,11265.317700835449,39132.46599255405,23211.884842522588,23211.884842522588,0.07454412068465929,0.07454412068465929,0.07454412068465929,-0.050832615427686106,-0.050832615427686106,-0.050832615427686106,0.1253767361123454,0.1253767361123454,0.1253767361123454,0.0,0.0,0.0,24942.194387542007
2011-01-11,23252.45258619625,15965.102614007124,43052.535342739975,23252.45258619625,23252.45258619625,0.26818820685524547,0.26818820685524547,0.26818820685524547,0.10458403324407238,0.10458403324407238,0.10458403324407238,0.16360417361117313,0.16360417361117313,0.16360417361117313,0.0,0.0,0.0,29488.48615027484
2011-01-12,23293.020329869916,12940.628028639116,40450.201773952474,23293.020329869916,23293.020329869916,0.18515885813145316,0.18515885813145316,0.18515885813145316,-0.01069589504814765,-0.01069589504814765,-0.01069589504814765,0.19585475317960077,0.19585475317960077,0.19585475317960077,0.0,0.0,0.0,27605.929376581353
2011-01-13,23333.588073666564,22772.067369855653,48660.85422058638,23333.588073666564,23333.588073666564,0.5189176338731974,0.5189176338731974,0.5189176338731974,0.29744826300044835,0.29744826300044835,0.29744826300044835,0.2214693708727491,0.2214693708727491,0.2214693708727491,0.0,0.0,0.0,35441.79838662548
2011-01-14,23374.155817463212,13093.660496403323,40076.68226538912,23374.155817463212,23374.155817463212,0.15182856717517498,0.15182856717517498,0.15182856717517498,-0.08812944484228538,-0.08812944484228538,-0.08812944484228538,0.23995801201746036,0.23995801201746036,0.23995801201746036,0.0,0.0,0.0,26923.02040415793
2011-01-16,23455.291305056504,6000.796404898848,32642.51361683512,23455.291305056504,23455.291305056504,-0.19270506349443622,-0.19270506349443622,-0.19270506349443622,-0.4471953073150758,-0.4471953073150758,-0.4471953073150758,0.25449024382063956,0.25449024382063956,0.25449024382063956,0.0,0.0,0.0,18935.33790483509
2011-01-17,23495.85904885315,15168.634655875345,41646.15157998393,23495.85904885315,23495.85904885315,0.199622334830115,0.199622334830115,0.199622334830115,-0.05083261542624211,-0.05083261542624211,-0.05083261542624211,0.2504549502563571,0.2504549502563571,0.2504549502563571,0.0,0.0,0.0,28186.1572910245
2011-01-18,23536.4267926498,18350.61959227826,44312.46336254739,23536.4267926498,23536.4267926498,0.34371499848660114,0.34371499848660114,0.34371499848660114,0.10458403324456628,0.10458403324456628,0.10458403324456628,0.2391309652420349,0.2391309652420349,0.2391309652420349,0.0,0.0,0.0,31626.249692065427
2011-01-19,23576.994536446447,15151.220504611538,41292.28580583909,23576.994536446447,23576.994536446447,0.21021889754289713,0.21021889754289713,0.21021889754289713,-0.010695895046894444,-0.010695895046894444,-0.010695895046894444,0.2209147925897916,0.2209147925897916,0.2209147925897916,0.0,0.0,0.0,28533.32433527313
2011-01-20,23617.562280243095,21192.463844485013,47904.715251685295,23617.562280243095,23617.562280243095,0.49380629324858194,0.49380629324858194,0.49380629324858194,0.29744826299957927,0.29744826299957927,0.29744826299957927,0.19635803024900267,0.19635803024900267,0.19635803024900267,0.0,0.0,0.0,35280.063165417465
2011-01-21,23658.13002403974,12074.695222825738,38515.49542387773,23658.13002403974,23658.13002403974,0.07802132824193053,0.07802132824193053,0.07802132824193053,-0.08812944484238272,-0.08812944484238272,-0.08812944484238272,0.16615077308431325,0.16615077308431325,0.16615077308431325,0.0,0.0,0.0,25503.968752235618
2011-01-23,23739.265511633035,3180.53702741075,28283.50335403991,23739.265511633035,23739.265511633035,-0.3550788880450264,-0.3550788880450264,-0.3550788880450264,-0.4471953073137096,-0.4471953073137096,-0.4471953073137096,0.09211641926868325,0.09211641926868325,0.09211641926868325,0.0,0.0,0.0,15309.953510756732
2011-01-24,23779.833255535315,10563.54379735115,38223.387915353145,23779.833255535315,23779.833255535315,-0.0006610424793654229,-0.0006610424793654229,-0.0006610424793654229,-0.05083261542911541,-0.05083261542911541,-0.05083261542911541,0.050171572949749985,0.050171572949749985,0.050171572949749985,0.0,0.0,0.0,23764.11377560118
2011-01-25,23820.4009994376,12408.155801719871,39560.39043527846,23820.4009994376,23820.4009994376,0.11087455297187822,0.11087455297187822,0.11087455297187822,0.10458403324304805,0.10458403324304805,0.10458403324304805,0.006290519728830171,0.006290519728830171,0.006290519728830171,0.0,0.0,0.0,26461.477311861123
2011-01-26,23860.968743339876,8459.62513151936,35435.25371585983,23860.968743339876,23860.968743339876,-0.04917979010120192,-0.04917979010120192,-0.04917979010120192,-0.010695895047282272,-0.010695895047282272,-0.010695895047282272,-0.03848389505391965,-0.03848389505391965,-0.03848389505391965,0.0,0.0,0.0,22687.491308931083
2011-01-27,23901.53648724216,16441.93321352961,43002.080913404614,23901.53648724216,23901.53648724216,0.2143325724475733,0.2143325724475733,0.2143325724475733,0.29744826299883803,0.29744826299883803,0.29744826299883803,-0.08311569055126469,-0.08311569055126469,-0.08311569055126469,0.0,0.0,0.0,29024.414288002306
2011-01-28,23942.10423114444,5595.336078653168,32161.666356809965,23942.10423114444,23942.10423114444,-0.21473101908677916,-0.21473101908677916,-0.21473101908677916,-0.08812944484217816,-0.08812944484217816,-0.08812944484217816,-0.126601574244601,-0.126601574244601,-0.126601574244601,0.0,0.0,0.0,18800.991790508906
2011-01-30,24023.239718949,-5396.187858653495,21252.387919694618,24023.239718949,24023.239718949,-0.6536261877459637,-0.6536261877459637,-0.6536261877459637,-0.4471953073145051,-0.4471953073145051,-0.4471953073145051,-0.20643088043145869,-0.20643088043145869,-0.20643088043145869,0.0,0.0,0.0,8321.021124144949
2011-01-31,24063.807462851284,3929.451665385848,30798.057340810672,24063.807462851284,24063.807462851284,-0.2919739081617311,-0.2919739081617311,-0.2919739081617311,-0.050832615427671354,-0.050832615427671354,-0.050832615427671354,-0.2411412927340597,-0.2411412927340597,-0.2411412927340597,0.0,0.0,0.0,17037.803552671165
2011-02-01,24104.37520675356,7138.729668855742,32898.87825341518,24104.37520675356,24104.37520675356,-0.16689283526830728,-0.16689283526830728,-0.16689283526830728,0.10458403324354194,0.10458403324354194,0.10458403324354194,-0.2714768685118492,-0.2714768685118492,-0.2714768685118492,0.0,0.0,0.0,20081.52768612737
2011-02-02,24144.94295081561,3376.0605107804363,29078.807686183554,24144.94295081561,24144.94295081561,-0.30761418971739396,-0.30761418971739396,-0.30761418971739396,-0.010695895047670115,-0.010695895047670115,-0.010695895047670115,-0.29691829466972386,-0.29691829466972386,-0.29691829466972386,0.0,0.0,0.0,16717.615889227764
2011-02-03,24185.51069487766,11044.432150293886,37036.48260334891,24185.51069487766,24185.51069487766,-0.019638462842485938,-0.019638462842485938,-0.019638462842485938,0.29744826300102845,0.29744826300102845,0.29744826300102845,-0.3170867258435144,-0.3170867258435144,-0.3170867258435144,0.0,0.0,0.0,23710.544441769758
2011-02-04,24226.078438939712,374.34637262103195,27637.83396051037,24226.078438939712,24226.078438939712,-0.41987931626164193,-0.41987931626164193,-0.41987931626164193,-0.08812944484249863,-0.08812944484249863,-0.08812944484249863,-0.3317498714191433,-0.3317498714191433,-0.3317498714191433,0.0,0.0,0.0,14054.049188296802
2011-02-06,24307.213927063814,-8498.99494303411,18343.7856389756,24307.213927063814,24307.213927063814,-0.7915678447603645,-0.7915678447603645,-0.7915678447603645,-0.4471953073142982,-0.4471953073142982,-0.4471953073142982,-0.34437253744606633,-0.34437253744606633,-0.34437253744606633,0.0,0.0,0.0,5066.404986688796
2011-02-07,24347.781671125864,1397.3447591759323,28744.795809492254,24347.781671125864,24347.781671125864,-0.39343199970902787,-0.39343199970902787,-0.39343199970902787,-0.050832615427840455,-0.050832615427840455,-0.050832615427840455,-0.34259938428118736,-0.34259938428118736,-0.34259938428118736,0.0,0.0,0.0,14768.585239775999
2011-02-08,24388.349415187913,5407.12944128619,32126.380492122466,24388.349415187913,24388.349415187913,-0.23125646026385685,-0.23125646026385685,-0.23125646026385685,0.1045840332422883,0.1045840332422883,0.1045840332422883,-0.33584049350614514,-0.33584049350614514,-0.33584049350614514,0.0,0.0,0.0,18748.386057753454
2011-02-09,24428.917159249966,2862.098473140961,29622.628742538003,24428.917159249966,24428.917159249966,-0.3352465982108396,-0.3352465982108396,-0.3352465982108396,-0.01069589504805793,-0.01069589504805793,-0.01069589504805793,-0.3245507031627816,-0.3245507031627816,-0.3245507031627816,0.0,0.0,0.0,16239.205783637008
2011-02-10,24469.484903312015,11680.329414949514,38468.58212137772,24469.484903312015,24469.484903312015,-0.011839953561345679,-0.011839953561345679,-0.011839953561345679,0.2974482630011792,0.2974482630011792,0.2974482630011792,-0.30928821656252486,-0.30928821656252486,-0.30928821656252486,0.0,0.0,0.0,24179.76733838675
2011-02-11,24510.05264737407,571.9504563002483,28985.931087115954,24510.05264737407,24510.05264737407,-0.378825984760531,-0.378825984760531,-0.378825984760531,-0.08812944484229407,-0.08812944484229407,-0.08812944484229407,-0.2906965399182369,-0.2906965399182369,-0.2906965399182369,0.0,0.0,0.0,15225.007816700128
2011-02-13,24591.18814267838,-5637.9191862799225,22774.22535960786,24591.18814267838,24591.18814267838,-0.6936002684141216,-0.6936002684141216,-0.6936002684141216,-0.4471953073140913,-0.4471953073140913,-0.4471953073140913,-0.24640496110003032,-0.24640496110003032,-0.24640496110003032,0.0,0.0,0.0,7534.733446294492
2011-02-14,24631.755890330536,4771.6224845036095,31029.991480296925,24631.755890330536,24631.755890330536,-0.2730653394532967,-0.2730653394532967,-0.2730653394532967,-0.05083261542800957,-0.05083261542800957,-0.05083261542800957,-0.22223272402528713,-0.22223272402528713,-0.22223272402528713,0.0,0.0,0.0,17905.67710680669
2011-02-15,24672.323637982692,9285.67288933791,35632.19324706335,24672.323637982692,24672.323637982692,-0.09315839727937347,-0.09315839727937347,-0.09315839727937347,0.10458403324426516,0.10458403324426516,0.10458403324426516,-0.19774243052363863,-0.19774243052363863,-0.19774243052363863,0.0,0.0,0.0,22373.889510710225
2011-02-16,24712.891385634848,6670.547264641824,34352.740513063975,24712.891385634848,24712.891385634848,-0.18438277391671798,-0.18438277391671798,-0.18438277391671798,-0.01069589504680471,-0.01069589504680471,-0.01069589504680471,-0.17368687886991327,-0.17368687886991327,-0.17368687886991327,0.0,0.0,0.0,20156.25992044893
2011-02-17,24753.459133287004,14541.24529930585,40948.34130807196,24753.459133287004,24753.459133287004,0.14667179980951855,0.14667179980951855,0.14667179980951855,0.2974482630004379,0.2974482630004379,0.2974482630004379,-0.1507764631909194,-0.1507764631909194,-0.1507764631909194,0.0,0.0,0.0,28384.093535877575
2011-02-18,24794.02688093916,5328.732790820502,32862.266496202894,24794.02688093916,24794.02688093916,-0.21778969064920886,-0.21778969064920886,-0.21778969064920886,-0.08812944484239135,-0.08812944484239135,-0.08812944484239135,-0.1296602458068175,-0.1296602458068175,-0.1296602458068175,0.0,0.0,0.0,19394.143436591254
2011-02-20,24875.162376243472,-1978.8211337076812,25404.575380022976,24875.162376243472,24875.162376243472,-0.5421971206229024,-0.5421971206229024,-0.5421971206229024,-0.44719530731357027,-0.44719530731357027,-0.44719530731357027,-0.09500181330933216,-0.09500181330933216,-0.09500181330933216,0.0,0.0,0.0,11387.920960817108
2011-02-21,24915.730123895628,8149.396294589031,35974.39072476471,24915.730123895628,24915.730123895628,-0.133145741811731,-0.133145741811731,-0.133145741811731,-0.05083261542872419,-0.05083261542872419,-0.05083261542872419,-0.08231312638300681,-0.08231312638300681,-0.08231312638300681,0.0,0.0,0.0,21598.30675376865
2011-02-22,24956.297871547784,12676.403879570744,39507.64272355527,24956.297871547784,24956.297871547784,0.03147776226998551,0.03147776226998551,0.03147776226998551,0.1045840332430115,0.1045840332430115,0.1045840332430115,-0.073106270973026,-0.073106270973026,-0.073106270973026,0.0,0.0,0.0,25741.86628308731
2011-02-23,24996.86562237417,9595.841966521175,35070.542573124185,24996.86562237417,24996.86562237417,-0.07822377912813261,-0.07822377912813261,-0.07822377912813261,-0.010695895047192566,-0.010695895047192566,-0.010695895047192566,-0.06752788408094004,-0.06752788408094004,-0.06752788408094004,0.0,0.0,0.0,23041.51632703396
2011-02-24,25037.433373200558,17641.530787859734,44479.27861579789,25037.433373200558,25037.433373200558,0.23184150929820901,0.23184150929820901,0.23184150929820901,0.2974482629996967,0.2974482629996967,0.2974482629996967,-0.06560675370148766,-0.06560675370148766,-0.06560675370148766,0.0,0.0,0.0,30842.14971539673
2011-02-25,25078.001124026945,7805.365341964869,34781.01245296438,25078.001124026945,25078.001124026945,-0.15538536139030387,-0.15538536139030387,-0.15538536139030387,-0.08812944484248866,-0.08812944484248866,-0.08812944484248866,-0.06725591654781521,-0.06725591654781521,-0.06725591654781521,0.0,0.0,0.0,21181.24685642357
2011-02-27,25159.13662567972,-380.36705153624126,25483.670768582448,25159.13662567972,25159.13662567972,-0.5275693092913287,-0.5275693092913287,-0.5275693092913287,-0.44719530731336343,-0.44719530731336343,-0.44719530731336343,-0.0803740019779653,-0.0803740019779653,-0.0803740019779653,0.0,0.0,0.0,11885.9482937037
2011-02-28,25199.704376506106,8020.91062543087,34151.16917502354,25199.704376506106,25199.704376506106,-0.14198662852354837,-0.14198662852354837,-0.14198662852354837,-0.05083261542728018,-0.05083261542728018,-0.05083261542728018,-0.09115401309626818,-0.09115401309626818,-0.09115401309626818,0.0,0.0,0.0,21621.683312295896
2011-03-01,25240.272127332493,12371.778897290656,38620.736067017875,25240.272127332493,25240.272127332493,0.00043251345612263514,0.00043251345612263514,0.00043251345612263514,0.1045840332435054,0.1045840332435054,0.1045840332435054,-0.10415151978738277,-0.10415151978738277,-0.10415151978738277,0.0,0.0,0.0,25251.188884663763
2011-03-02,25280.83987815888,8076.055539192417,34949.942161711035,25280.83987815888,25280.83987815888,-0.12953474598885895,-0.12953474598885895,-0.12953474598885895,-0.010695895046044596,-0.010695895046044596,-0.010695895046044596,-0.11883885094281435,-0.11883885094281435,-0.11883885094281435,0.0,0.0,0.0,22006.092706156553
2011-03-03,25321.40762898527,15133.78622097534,42450.97836115466,25321.40762898527,25321.40762898527,0.16280377390105963,0.16280377390105963,0.16280377390105963,0.2974482629998474,0.2974482629998474,0.2974482629998474,-0.1346444890987878,-0.1346444890987878,-0.1346444890987878,0.0,0.0,0.0,29443.82835147116
2011-03-04,25361.975379811654,5595.751261168775,32855.472169934554,25361.975379811654,25361.975379811654,-0.23910077026972854,-0.23910077026972854,-0.23910077026972854,-0.08812944484250726,-0.08812944484250726,-0.08812944484250726,-0.15097132542722128,-0.15097132542722128,-0.15097132542722128,0.0,0.0,0.0,19297.907530936798
2011-03-06,25443.110884727543,-4040.478673529844,24240.36345869184,25443.110884727543,25443.110884727543,-0.6299797085100991,-0.6299797085100991,-0.6299797085100991,-0.44719530731315654,-0.44719530731315654,-0.44719530731315654,-0.18278440119694256,-0.18278440119694256,-0.18278440119694256,0.0,0.0,0.0,9414.467305976756
2011-03-07,25483.678637185483,6037.191647188371,31375.3734504784,25483.678637185483,25483.678637185483,-0.2479485370630353,-0.2479485370630353,-0.2479485370630353,-0.05083261542583606,-0.05083261542583606,-0.05083261542583606,-0.1971159216371992,-0.1971159216371992,-0.1971159216371992,0.0,0.0,0.0,19165.03780011082
2011-03-08,25524.246389643427,9265.79792266879,36200.62525051032,25524.246389643427,25524.246389643427,-0.10511003101505674,-0.10511003101505674,-0.10511003101505674,0.1045840332439993,0.1045840332439993,0.1045840332439993,-0.20969406425905604,-0.20969406425905604,-0.20969406425905604,0.0,0.0,0.0,22841.392059992057
2011-03-09,25564.81414210137,6433.432316371375,32403.43022765181,25564.81414210137,25564.81414210137,-0.23076071146332228,-0.23076071146332228,-0.23076071146332228,-0.010695895049293483,-0.010695895049293483,-0.010695895049293483,-0.2200648164140288,-0.2200648164140288,-0.2200648164140288,0.0,0.0,0.0,19665.459442242456
2011-03-10,25605.381894559316,13888.720484671754,40131.12206742365,25605.381894559316,25605.381894559316,0.06959902949823535,0.06959902949823535,0.06959902949823535,0.29744826300012595,0.29744826300012595,0.29744826300012595,-0.22784923350189062,-0.22784923350189062,-0.22784923350189062,0.0,0.0,0.0,27387.491624352333
2011-03-11,25645.94964701726,4152.524802242499,30834.93344885302,25645.94964701726,25645.94964701726,-0.32088369610140965,-0.32088369610140965,-0.32088369610140965,-0.0881294448423027,-0.0881294448423027,-0.0881294448423027,-0.23275425125910698,-0.23275425125910698,-0.23275425125910698,0.0,0.0,0.0,17416.58253425172
2011-03-13,25727.085151933145,-5159.821344497951,22801.417107768506,25727.085151933145,25727.085151933145,-0.6804244255535465,-0.6804244255535465,-0.6804244255535465,-0.447195307314109,-0.447195307314109,-0.447195307314109,-0.23322911823943757,-0.23322911823943757,-0.23322911823943757,0.0,0.0,0.0,8221.748016261858
2011-03-14,25767.65290439109,5374.689694290554,31284.103143898268,25767.65290439109,25767.65290439109,-0.27953345022071413,-0.27953345022071413,-0.27953345022071413,-0.050832615426550765,-0.050832615426550765,-0.050832615426550765,-0.22870083479416334,-0.22870083479416334,-0.22870083479416334,0.0,0.0,0.0,18564.731983936843
2011-03-15,25808.220656849033,8497.428703242726,35684.976222333986,25808.220656849033,25808.220656849033,-0.1165142707669092,-0.1165142707669092,-0.1165142707669092,0.10458403324422857,0.10458403324422857,0.10458403324422857,-0.22109830401113778,-0.22109830401113778,-0.22109830401113778,0.0,0.0,0.0,22801.194647224784
2011-03-16,25848.78840950816,6719.303168615638,33834.839823491435,25848.78840950816,25848.78840950816,-0.22131662741024263,-0.22131662741024263,-0.22131662741024263,-0.010695895048145554,-0.010695895048145554,-0.010695895048145554,-0.21062073236209708,-0.21062073236209708,-0.21062073236209708,0.0,0.0,0.0,20128.021736074847
2011-03-17,25889.356162167292,14684.938658544193,42512.08414247172,25889.356162167292,25889.356162167292,0.09989071525814504,0.09989071525814504,0.09989071525814504,0.29744826300040456,0.29744826300040456,0.29744826300040456,-0.19755754774225953,-0.19755754774225953,-0.19755754774225953,0.0,0.0,0.0,28475.462466779045
2011-03-18,25929.923914826424,5046.579961802101,32166.630256161923,25929.923914826424,25929.923914826424,-0.2704085745273935,-0.2704085745273935,-0.2704085745273935,-0.08812944484209811,-0.08812944484209811,-0.08812944484209811,-0.18227912968529536,-0.18227912968529536,-0.18227912968529536,0.0,0.0,0.0,18918.250151414442
2011-03-20,26011.059420144687,-2864.0243469955135,24214.32303159822,26011.059420144687,26011.059420144687,-0.5940866136019489,-0.5940866136019489,-0.5940866136019489,-0.4471953073125857,-0.4471953073125857,-0.4471953073125857,-0.14689130628936325,-0.14689130628936325,-0.14689130628936325,0.0,0.0,0.0,10558.237213031856
2011-03-21,26051.627172803815,8299.46897168219,34115.44986063452,26051.627172803815,26051.627172803815,-0.17864620767121966,-0.17864620767121966,-0.17864620767121966,-0.05083261542671988,-0.05083261542671988,-0.05083261542671988,-0.12781359224449979,-0.12781359224449979,-0.12781359224449979,0.0,0.0,0.0,21397.602774717918
2011-03-22,26092.194925462947,12218.337167634538,39104.660584988116,26092.194925462947,26092.194925462947,-0.003968640295216638,-0.003968640295216638,-0.003968640295216638,0.10458403324297495,0.10458403324297495,0.10458403324297495,-0.10855267353819159,-0.10855267353819159,-0.10855267353819159,0.0,0.0,0.0,25988.64438929111
2011-03-23,26132.762678122082,10236.450483256043,36723.63580107188,26132.762678122082,26132.762678122082,-0.10037263093100607,-0.10037263093100607,-0.10037263093100607,-0.010695895048533383,-0.010695895048533383,-0.010695895048533383,-0.08967673588247269,-0.08967673588247269,-0.08967673588247269,0.0,0.0,0.0,23509.748534623366
2011-03-24,26173.33043078121,18877.032503701128,45775.77971333442,26173.33043078121,26173.33043078121,0.22570369374582622,0.22570369374582622,0.22570369374582622,0.2974482629996633,0.2974482629996633,0.2974482629996633,-0.07174456925383708,-0.07174456925383708,-0.07174456925383708,0.0,0.0,0.0,32080.74778663857
2011-03-25,26213.89818344034,8858.212155668742,36492.59971810311,26213.89818344034,26213.89818344034,-0.14341840438905196,-0.14341840438905196,-0.14341840438905196,-0.08812944484211671,-0.08812944484211671,-0.08812944484211671,-0.055288959546935246,-0.055288959546935246,-0.055288959546935246,0.0,0.0,0.0,22454.34273315426
2011-03-27,26295.033687420888,223.36449988864638,27294.307236579447,26295.033687420888,26295.033687420888,-0.47591057186367614,-0.47591057186367614,-0.47591057186367614,-0.4471953073135382,-0.4471953073135382,-0.4471953073135382,-0.02871526455013794,-0.02871526455013794,-0.02871526455013794,0.0,0.0,0.0,13780.949168065785
2011-03-28,26335.601439411166,11318.861312076939,37693.7244571511,26335.601439411166,26335.601439411166,-0.0702303935178184,-0.0702303935178184,-0.0702303935178184,-0.050832615426888994,-0.050832615426888994,-0.050832615426888994,-0.019397778090929407,-0.019397778090929407,-0.019397778090929407,0.0,0.0,0.0,24486.041786792895
2011-03-29,26376.169191401434,15636.38404267365,41971.208869190166,26376.169191401434,26376.169191401434,0.09144943545517638,0.09144943545517638,0.09144943545517638,0.10458403324172129,0.10458403324172129,0.10458403324172129,-0.01313459778654491,-0.01313459778654491,-0.01313459778654491,0.0,0.0,0.0,28788.25497342531
2011-03-30,26416.736943391716,12552.120134906236,39460.42218183009,26416.736943391716,26416.736943391716,-0.02081973744653745,-0.02081973744653745,-0.02081973744653745,-0.01069589504728019,-0.01069589504728019,-0.01069589504728019,-0.01012384239925726,-0.01012384239925726,-0.01012384239925726,0.0,0.0,0.0,25866.747416036054
2011-03-31,26457.304695381983,21316.039469764422,47316.5601016725,26457.304695381983,26457.304695381983,0.28697839488546695,0.28697839488546695,0.28697839488546695,0.2974482630008339,0.2974482630008339,0.2974482630008339,-0.01046986811536696,-0.01046986811536696,-0.01046986811536696,0.0,0.0,0.0,34049.979529858436
2011-04-01,26497.87244737226,10577.121236334679,37059.67198185461,26497.87244737226,26497.87244737226,-0.10230969218645533,-0.10230969218645533,-0.10230969218645533,-0.08812944484221402,-0.08812944484221402,-0.08812944484221402,-0.014180247344241309,-0.014180247344241309,-0.014180247344241309,0.0,0.0,0.0,23786.88327368565
2011-04-03,26579.00795135281,-329.8519319600521,27281.581241924734,26579.00795135281,26579.00795135281,-0.4784371948681334,-0.4784371948681334,-0.4784371948681334,-0.4471953073133313,-0.4471953073133313,-0.4471953073133313,-0.031241887554802145,-0.031241887554802145,-0.031241887554802145,0.0,0.0,0.0,13862.621944729759
2011-04-04,26619.575703343082,12331.470914756379,37237.18568170996,26619.575703343082,26619.575703343082,-0.09496882409509405,-0.09496882409509405,-0.09496882409509405,-0.050832615425444955,-0.050832615425444955,-0.050832615425444955,-0.044136208669649096,-0.044136208669649096,-0.044136208669649096,0.0,0.0,0.0,24091.545900886253
2011-04-05,26660.143455333357,14804.478657372685,41370.89108542416,26660.143455333357,26660.143455333357,0.04508999119281529,0.04508999119281529,0.04508999119281529,0.10458403324343357,0.10458403324343357,0.10458403324343357,-0.059494042050618284,-0.059494042050618284,-0.059494042050618284,0.0,0.0,0.0,27862.24908893353
2011-04-06,26700.711209397887,10688.189849383525,37251.44050576385,26700.711209397887,26700.711209397887,-0.08758547715317373,-0.08758547715317373,-0.08758547715317373,-0.010695895047668005,-0.010695895047668005,-0.010695895047668005,-0.07688958210550573,-0.07688958210550573,-0.07688958210550573,0.0,0.0,0.0,24362.116677793678
2011-04-07,26741.278963462413,18323.45949094341,45072.32075865689,26741.278963462413,26741.278963462413,0.20161053014525893,0.20161053014525893,0.20161053014525893,0.29744826300009264,0.29744826300009264,0.29744826300009264,-0.0958377328548337,-0.0958377328548337,-0.0958377328548337,0.0,0.0,0.0,32132.602392048328
2011-04-08,26781.84671752694,7842.455396180516,35394.28976125465,26781.84671752694,26781.84671752694,-0.20393722457629754,-0.20393722457629754,-0.20393722457629754,-0.08812944484231136,-0.08812944484231136,-0.08812944484231136,-0.11580777973398616,-0.11580777973398616,-0.11580777973398616,0.0,0.0,0.0,21320.03122892667
2011-04-10,26862.98222565599,-2736.9757800367875,24200.893343295058,26862.98222565599,26862.98222565599,-0.6037480783297271,-0.6037480783297271,-0.6037480783297271,-0.4471953073141267,-0.4471953073141267,-0.4471953073141267,-0.15655277101560033,-0.15655277101560033,-0.15655277101560033,0.0,0.0,0.0,10644.50832871057
2011-04-11,26903.54997972052,6959.250549371941,33890.59831431705,26903.54997972052,26903.54997972052,-0.22700836538359512,-0.22700836538359512,-0.22700836538359512,-0.05083261542777276,-0.05083261542777276,-0.05083261542777276,-0.17617574995582236,-0.17617574995582236,-0.17617574995582236,0.0,0.0,0.0,20796.21907580831
2011-04-12,26944.117733785046,10538.35033743916,38456.57516704246,26944.117733785046,26944.117733785046,-0.08996459314608612,-0.08996459314608612,-0.08996459314608612,0.104584033245675,0.104584033245675,0.104584033245675,-0.19454862639176113,-0.19454862639176113,-0.19454862639176113,0.0,0.0,0.0,24520.101144184828
2011-04-13,26984.68548784957,7510.018116581063,33768.610584511895,26984.68548784957,26984.68548784957,-0.2218409345029734,-0.2218409345029734,-0.2218409345029734,-0.010695895048055792,-0.010695895048055792,-0.010695895048055792,-0.2111450394549176,-0.2111450394549176,-0.2111450394549176,0.0,0.0,0.0,20998.3776419562
2011-04-14,27025.253241914095,15553.65221941911,42015.24391518539,27025.253241914095,27025.253241914095,0.07196305785755708,0.07196305785755708,0.07196305785755708,0.2974482630003712,0.2974482630003712,0.2974482630003712,-0.22548520514281412,-0.22548520514281412,-0.22548520514281412,0.0,0.0,0.0,28970.073104577095
2011-04-15,27065.820995978625,5559.162227799778,32051.453078274244,27065.820995978625,27065.820995978625,-0.32527830960103676,-0.32527830960103676,-0.32527830960103676,-0.08812944484210675,-0.08812944484210675,-0.08812944484210675,-0.23714886475893,-0.23714886475893,-0.23714886475893,0.0,0.0,0.0,18261.896494442448
2011-04-17,27146.956503594633,-4535.7156674430635,21953.19142675407,27146.956503594633,27146.956503594633,-0.6983237165387327,-0.6983237165387327,-0.6983237165387327,-0.4471953073139198,-0.4471953073139198,-0.4471953073139198,-0.25112840922481294,-0.25112840922481294,-0.25112840922481294,0.0,0.0,0.0,8189.592945289108
2011-04-18,27187.524257402634,4470.512055188446,31303.957647842974,27187.524257402634,27187.524257402634,-0.3038243342888488,-0.3038243342888488,-0.3038243342888488,-0.05083261542632869,-0.05083261542632869,-0.05083261542632869,-0.25299171886252014,-0.25299171886252014,-0.25299171886252014,0.0,0.0,0.0,18927.292798935352
2011-04-19,27228.092011210643,9255.585576570451,35824.25456163384,27228.092011210643,27228.092011210643,-0.14670060155108539,-0.14670060155108539,-0.14670060155108539,0.10458403324442138,0.10458403324442138,0.10458403324442138,-0.2512846347955068,-0.2512846347955068,-0.2512846347955068,0.0,0.0,0.0,23233.71453407774
2011-04-20,27268.659765018645,7276.914696463386,33009.59174340571,27268.659765018645,27268.659765018645,-0.25670425095445826,-0.25670425095445826,-0.25670425095445826,-0.010695895048443621,-0.010695895048443621,-0.010695895048443621,-0.24600835590601466,-0.24600835590601466,-0.24600835590601466,0.0,0.0,0.0,20268.67888550756
2011-04-21,27309.22751882665,15116.77521251762,41922.94862204849,27309.22751882665,27309.22751882665,0.060191953717352364,0.060191953717352364,0.060191953717352364,0.2974482629995021,0.2974482629995021,0.2974482629995021,-0.23725630928214975,-0.23725630928214975,-0.23725630928214975,0.0,0.0,0.0,28953.02327769651
2011-04-26,27512.06628786667,12581.317759653293,40246.11850232708,27512.06628786667,27512.06628786667,-0.04589045912045009,-0.04589045912045009,-0.04589045912045009,0.10458403324290311,0.10458403324290311,0.10458403324290311,-0.1504744923633532,-0.1504744923633532,-0.1504744923633532,0.0,0.0,0.0,26249.52493456421
2011-04-27,27552.63404167468,10702.917070585332,36932.707310672566,27552.63404167468,27552.63404167468,-0.13798828108277622,-0.13798828108277622,-0.13798828108277622,-0.010695895047190429,-0.010695895047190429,-0.010695895047190429,-0.1272923860355858,-0.1272923860355858,-0.1272923860355858,0.0,0.0,0.0,23750.693430961208
2011-04-28,27593.20179548268,19928.63131823267,47011.080039693596,27593.20179548268,27593.20179548268,0.1941307653086155,0.1941307653086155,0.1941307653086155,0.2974482629997807,0.2974482629997807,0.2974482629997807,-0.10331749769116522,-0.10331749769116522,-0.10331749769116522,0.0,0.0,0.0,32949.891177354795
2011-05-01,27714.90506134149,859.8488316238561,28896.096582342405,27714.90506134149,27714.90506134149,-0.4792035184548211,-0.4792035184548211,-0.4792035184548211,-0.4471953073135061,-0.4471953073135061,-0.4471953073135061,-0.032008211141314996,-0.032008211141314996,-0.032008211141314996,0.0,0.0,0.0,14433.825042305318
2011-05-03,27796.040571914033,17144.106932925704,44963.91883431703,27796.040571914033,27796.040571914033,0.11451657844177139,0.11451657844177139,0.11451657844177139,0.10458403324339702,0.10458403324339702,0.10458403324339702,0.009932545198374373,0.009932545198374373,0.009932545198374373,0.0,0.0,0.0,30979.148032438286
2011-05-04,27836.60832720031,14951.54013218757,42540.48713319767,27836.60832720031,27836.60832720031,0.017198382468346485,0.017198382468346485,0.017198382468346485,-0.010695895049114015,-0.010695895049114015,-0.010695895049114015,0.027894277517460486,0.027894277517460486,0.027894277517460486,0.0,0.0,0.0,28315.352963833055
2011-05-05,27877.176082486578,23514.796564936056,51191.77010334361,27877.176082486578,27877.176082486578,0.3408376914990001,0.3408376914990001,0.3408376914990001,0.2974482630000593,0.2974482630000593,0.2974482630000593,0.0433894284989408,0.0433894284989408,0.0433894284989408,0.0,0.0,0.0,37378.768423952446
2011-05-06,27917.743837772847,13298.14118787418,40668.51954641703,27917.743837772847,27917.743837772847,-0.0319697882564009,-0.0319697882564009,-0.0319697882564009,-0.08812944484254312,-0.08812944484254312,-0.08812944484254312,0.05615965658614222,0.05615965658614222,0.05615965658614222,0.0,0.0,0.0,27025.219478682808
2011-05-08,27998.87934834539,3514.9756521795875,30753.444677402575,27998.87934834539,27998.87934834539,-0.37431595881342605,-0.37431595881342605,-0.37431595881342605,-0.44719530731430146,-0.44719530731430146,-0.44719530731430146,0.07287934850087541,0.07287934850087541,0.07287934850087541,0.0,0.0,0.0,17518.451979368052
2011-05-09,28039.44710363166,16314.404211453495,42215.87291599923,28039.44710363166,28039.44710363166,0.025874296508784755,0.025874296508784755,0.025874296508784755,-0.05083261542792711,-0.05083261542792711,-0.05083261542792711,0.07670691193671186,0.07670691193671186,0.07670691193671186,0.0,0.0,0.0,28764.948071933413
2011-05-10,28080.01485891793,19513.054954219147,46420.34890388019,28080.01485891793,28080.01485891793,0.1821493543268481,0.1821493543268481,0.1821493543268481,0.10458403324214338,0.10458403324214338,0.10458403324214338,0.07756532108470471,0.07756532108470471,0.07756532108470471,0.0,0.0,0.0,33194.77143495814
2011-05-11,28120.5826142042,16205.458552996597,42644.714518916204,28120.5826142042,28120.5826142042,0.06489391298409913,0.06489391298409913,0.06489391298409913,-0.010695895047966059,-0.010695895047966059,-0.010695895047966059,0.07558980803206518,0.07558980803206518,0.07558980803206518,0.0,0.0,0.0,29945.437255432535
2011-05-12,28161.15036746338,24997.914701851645,52048.26387153684,28161.15036746338,28161.15036746338,0.36843424224941956,0.36843424224941956,0.36843424224941956,0.29744826300033783,0.29744826300033783,0.29744826300033783,0.07098597924908176,0.07098597924908176,0.07098597924908176,0.0,0.0,0.0,38536.68246397171
2011-05-13,28201.71812072256,15028.740132226596,42142.296675452104,28201.71812072256,28201.71812072256,-0.02410719397173708,-0.02410719397173708,-0.02410719397173708,-0.08812944484225982,-0.08812944484225982,-0.08812944484225982,0.06402225087052274,0.06402225087052274,0.06402225087052274,0.0,0.0,0.0,27521.853831650045
2011-05-15,28282.853627240922,2949.5441138234205,31675.69966725366,28282.853627240922,28282.853627240922,-0.4028491109446624,-0.4028491109446624,-0.4028491109446624,-0.44719530731293533,-0.44719530731293533,-0.44719530731293533,0.04434619636827293,0.04434619636827293,0.04434619636827293,0.0,0.0,0.0,16889.131188528896
2011-05-16,28323.4213805001,14319.818752520741,41793.06493698392,28323.4213805001,28323.4213805001,-0.018437198321868215,-0.018437198321868215,-0.018437198321868215,-0.05083261542809622,-0.05083261542809622,-0.05083261542809622,0.03239541710622801,0.03239541710622801,0.03239541710622801,0.0,0.0,0.0,27801.21684335398
2011-05-17,28363.989133759274,17971.220258092988,46134.51180400642,28363.989133759274,28363.989133759274,0.12416799826703073,0.12416799826703073,0.12416799826703073,0.10458403324438482,0.10458403324438482,0.10458403324438482,0.019583965022645908,0.019583965022645908,0.019583965022645908,0.0,0.0,0.0,31885.888887365974
2011-05-18,28404.556887018458,14751.79206655849,42048.644164882346,28404.556887018458,28404.556887018458,-0.0043618107229968645,-0.0043618107229968645,-0.0043618107229968645,-0.010695895046712908,-0.010695895046712908,-0.010695895046712908,0.006334084323716051,0.006334084323716051,0.006334084323716051,0.0,0.0,0.0,28280.661586206686
2011-05-19,28445.124640277638,23198.37225202794,49329.348387074126,28445.124640277638,28445.124640277638,0.2905103271224838,0.2905103271224838,0.2905103271224838,0.29744826300036076,0.29744826300036076,0.29744826300036076,-0.006937935877876918,-0.006937935877876918,-0.006937935877876918,0.0,0.0,0.0,36708.72710456452
2011-05-20,28485.692393536818,12032.142868276353,38132.44925516264,28485.692393536818,28485.692393536818,-0.10796332814644696,-0.10796332814644696,-0.10796332814644696,-0.08812944484235707,-0.08812944484235707,-0.08812944484235707,-0.019833883304089896,-0.019833883304089896,-0.019833883304089896,0.0,0.0,0.0,25410.282238174656
2011-05-22,28566.827900055177,1143.1084539358696,28466.414910277883,28566.827900055177,28566.827900055177,-0.4902575132028063,-0.4902575132028063,-0.4902575132028063,-0.4471953073138878,-0.4471953073138878,-0.4471953073138878,-0.04306220588891857,-0.04306220588891857,-0.04306220588891857,0.0,0.0,0.0,14561.725893681582
2011-05-23,28607.395649339804,12445.095588449576,38894.70963098881,28607.395649339804,28607.395649339804,-0.1036177826831706,-0.1036177826831706,-0.1036177826831706,-0.050832615428810846,-0.050832615428810846,-0.050832615428810846,-0.05278516725435975,-0.05278516725435975,-0.05278516725435975,0.0,0.0,0.0,25643.16074381503
2011-05-24,28647.963398624426,16599.146152298228,43537.18022517517,28647.963398624426,28647.963398624426,0.043654525901843905,0.043654525901843905,0.043654525901843905,0.10458403324286657,0.10458403324286657,0.10458403324286657,-0.06092950734102266,-0.06092950734102266,-0.06092950734102266,0.0,0.0,0.0,29898.57665884475
2011-05-25,28688.531147909052,12863.912343075512,40035.49472605102,28688.531147909052,28688.531147909052,-0.07802833267461479,-0.07802833267461479,-0.07802833267461479,-0.01069589504710071,-0.01069589504710071,-0.01069589504710071,-0.06733243762751408,-0.06733243762751408,-0.06733243762751408,0.0,0.0,0.0,26450.01289555396
2011-05-26,28729.09889719368,22211.243848522463,48899.733590770644,28729.09889719368,28729.09889719368,0.2255518653743027,0.2255518653743027,0.2255518653743027,0.2974482630006393,0.2974482630006393,0.2974482630006393,-0.07189639762633664,-0.07189639762633664,-0.07189639762633664,0.0,0.0,0.0,35209.00074397853
2011-05-27,28769.666646478297,11268.919103942675,37078.63856934727,28769.666646478297,28769.666646478297,-0.16272016611432,-0.16272016611432,-0.16272016611432,-0.08812944484245444,-0.08812944484245444,-0.08812944484245444,-0.07459072127186554,-0.07459072127186554,-0.07459072127186554,0.0,0.0,0.0,24088.261710709736
2011-05-29,28850.802145047553,-295.63208063035586,27398.88165367181,28850.802145047553,28850.802145047553,-0.521773594996868,-0.521773594996868,-0.521773594996868,-0.4471953073146831,-0.4471953073146831,-0.4471953073146831,-0.07457828768218497,-0.07457828768218497,-0.07457828768218497,0.0,0.0,0.0,13797.21539128274
2011-05-31,28931.937643616806,16902.33755127155,43674.26841540109,28931.937643616806,28931.937643616806,0.03625729666834346,0.03625729666834346,0.03625729666834346,0.10458403324336046,0.10458403324336046,0.10458403324336046,-0.068326736575017,-0.068326736575017,-0.068326736575017,0.0,0.0,0.0,29980.931489951432
2011-06-01,28972.505392901425,12505.786207785926,40038.99219370277,28972.505392901425,28972.505392901425,-0.07411991697556373,-0.07411991697556373,-0.07411991697556373,-0.010695895045952766,-0.010695895045952766,-0.010695895045952766,-0.06342402192961097,-0.06342402192961097,-0.06342402192961097,0.0,0.0,0.0,26825.065698605496
2011-06-02,29013.07314218605,22687.47978074828,49423.867180045054,29013.07314218605,29013.07314218605,0.23972493580982757,0.23972493580982757,0.23972493580982757,0.2974482629998981,0.2974482629998981,0.2974482629998981,-0.05772332719007054,-0.05772332719007054,-0.05772332719007054,0.0,0.0,0.0,35968.230238842436
2011-06-03,29053.64089131975,10910.880179134432,37703.29903130312,29053.64089131975,29053.64089131975,-0.13968217326595084,-0.13968217326595084,-0.13968217326595084,-0.08812944484247298,-0.08812944484247298,-0.08812944484247298,-0.05155272842347787,-0.05155272842347787,-0.05155272842347787,0.0,0.0,0.0,24995.36519033171
2011-06-05,29134.776389587147,247.876143870848,27967.232571635443,29134.776389587147,29134.776389587147,-0.4863896136476436,-0.4863896136476436,-0.4863896136476436,-0.4471953073131599,-0.4471953073131599,-0.4471953073131599,-0.03919430633448371,-0.03919430633448371,-0.03919430633448371,0.0,0.0,0.0,14963.923757745368
2011-06-06,29175.344138720844,12752.34531461917,39369.906684104106,29175.344138720844,29175.344138720844,-0.08454312386934526,-0.08454312386934526,-0.08454312386934526,-0.05083261542753592,-0.05083261542753592,-0.05083261542753592,-0.03371050844180935,-0.03371050844180935,-0.03371050844180935,0.0,0.0,0.0,26708.76940527019
2011-06-07,29215.91188785454,17360.57141235269,44150.95243410627,29215.91188785454,29215.91188785454,0.07544056572923222,0.07544056572923222,0.07544056572923222,0.10458403324385435,0.10458403324385435,0.10458403324385435,-0.02914346751462213,-0.02914346751462213,-0.02914346751462213,0.0,0.0,0.0,31419.97680896969
2011-06-08,29256.479636988235,15178.989274111907,42362.83253277408,29256.479636988235,29256.479636988235,-0.03650147686553648,-0.03650147686553648,-0.03650147686553648,-0.010695895047876325,-0.010695895047876325,-0.010695895047876325,-0.025805581817660156,-0.025805581817660156,-0.025805581817660156,0.0,0.0,0.0,28188.57492235167
2011-06-09,29297.04738612194,23021.127067679343,50919.69006848406,29297.04738612194,29297.04738612194,0.2734721843926379,0.2734721843926379,0.2734721843926379,0.29744826300106864,0.29744826300106864,0.29744826300106864,-0.023976078608430824,-0.023976078608430824,-0.023976078608430824,0.0,0.0,0.0,37308.97493105933
2011-06-10,29337.615135255634,12168.896081089926,38810.87385058417,29337.615135255634,29337.615135255634,-0.11202234512330506,-0.11202234512330506,-0.11202234512330506,-0.08812944484226842,-0.08812944484226842,-0.08812944484226842,-0.02389290028103664,-0.02389290028103664,-0.02389290028103664,0.0,0.0,0.0,26051.146687479326
2011-06-12,29418.75063352303,1767.1386696515337,29565.96961001843,29418.75063352303,29418.75063352303,-0.47686675024004577,-0.47686675024004577,-0.47686675024004577,-0.44719530731411233,-0.44719530731411233,-0.44719530731411233,-0.02967144292593346,-0.02967144292593346,-0.02967144292593346,0.0,0.0,0.0,15389.926622792615
2011-06-13,29459.318382656726,13565.35079372752,40312.4624077323,29459.318382656726,29459.318382656726,-0.08658139234558154,-0.08658139234558154,-0.08658139234558154,-0.050832615426091854,-0.050832615426091854,-0.050832615426091854,-0.03574877691948969,-0.03574877691948969,-0.03574877691948969,0.0,0.0,0.0,26908.68957953452
2011-06-14,29499.886132380074,18969.16555660115,45070.65152794651,29499.886132380074,29499.886132380074,0.06058617380222052,0.06058617380222052,0.06058617380222052,0.10458403324408365,0.10458403324408365,0.10458403324408365,-0.04399785944186313,-0.04399785944186313,-0.04399785944186313,0.0,0.0,0.0,31287.171360742166
2011-06-15,29540.453882103422,13200.665816833778,39974.29948318055,29540.453882103422,29540.453882103422,-0.06507495684816281,-0.06507495684816281,-0.06507495684816281,-0.010695895048053683,-0.010695895048053683,-0.010695895048053683,-0.05437906180010912,-0.05437906180010912,-0.05437906180010912,0.0,0.0,0.0,27618.110120450398
2011-06-16,29581.021631826778,22926.17042165746,50372.78629914676,29581.021631826778,29581.021631826778,0.2306537695905202,0.2306537695905202,0.2306537695905202,0.2974482630003274,0.2974482630003274,0.2974482630003274,-0.06679449340980721,-0.06679449340980721,-0.06679449340980721,0.0,0.0,0.0,36403.99577954634
2011-06-17,29621.589381550126,12324.807838695539,38976.66343872376,29621.589381550126,29621.589381550126,-0.16922039875540743,-0.16922039875540743,-0.16922039875540743,-0.08812944484236573,-0.08812944484236573,-0.08812944484236573,-0.08109095391304169,-0.08109095391304169,-0.08109095391304169,0.0,0.0,0.0,24609.012214635273
2011-06-19,29702.724880996826,427.50402700921546,27017.782036444743,29702.724880996826,29702.724880996826,-0.5616609747993643,-0.5616609747993643,-0.5616609747993643,-0.44719530731258905,-0.44719530731258905,-0.44719530731258905,-0.1144656674867752,-0.1144656674867752,-0.1144656674867752,0.0,0.0,0.0,13019.863470138818
2011-06-20,29743.292630720174,10696.672624605715,37689.102202624104,29743.292630720174,29743.292630720174,-0.18384017513509482,-0.18384017513509482,-0.18384017513509482,-0.050832615428419714,-0.050832615428419714,-0.050832615428419714,-0.1330075597066751,-0.1330075597066751,-0.1330075597066751,0.0,0.0,0.0,24275.2805043942
2011-06-21,29783.86038044353,15075.6125841773,40604.38106533688,29783.86038044353,29783.86038044353,-0.04778853794336528,-0.04778853794336528,-0.04778853794336528,0.10458403324283001,0.10458403324283001,0.10458403324283001,-0.1523725711861953,-0.1523725711861953,-0.1523725711861953,0.0,0.0,0.0,28360.533238552813
2011-06-22,29824.428130166878,11331.820067590834,37195.58172484776,29824.428130166878,29824.428130166878,-0.18291740448810379,-0.18291740448810379,-0.18291740448810379,-0.010695895048441498,-0.010695895048441498,-0.010695895048441498,-0.1722215094396623,-0.1722215094396623,-0.1722215094396623,0.0,0.0,0.0,24369.021146254763
2011-06-23,29864.995879890226,19735.49822134008,45906.06843156812,29864.995879890226,29864.995879890226,0.10524581227782608,0.10524581227782608,0.10524581227782608,0.29744826299958615,0.29744826299958615,0.29744826299958615,-0.19220245072176007,-0.19220245072176007,-0.19220245072176007,0.0,0.0,0.0,33008.161629943206
2011-06-24,29905.563630200602,6986.651255914005,34180.69561164102,29905.563630200602,29905.563630200602,-0.3000893106233882,-0.3000893106233882,-0.3000893106233882,-0.0881294448421612,-0.0881294448421612,-0.0881294448421612,-0.21195986578122697,-0.21195986578122697,-0.21195986578122697,0.0,0.0,0.0,20931.223656609833
2011-06-26,29986.699130821355,-4077.981174330346,21542.009014363208,29986.699130821355,29986.699130821355,-0.6966130240422138,-0.6966130240422138,-0.6966130240422138,-0.4471953073135415,-0.4471953073135415,-0.4471953073135415,-0.24941771672867233,-0.24941771672867233,-0.24941771672867233,0.0,0.0,0.0,9097.573968255867
2011-06-27,30027.266881131727,6891.267301144832,33010.30964851758,30027.266881131727,30027.266881131727,-0.31730079510161935,-0.31730079510161935,-0.31730079510161935,-0.05083261542697559,-0.05083261542697559,-0.05083261542697559,-0.26646817967464376,-0.26646817967464376,-0.26646817967464376,0.0,0.0,0.0,20499.591225020107
2011-06-28,30067.834631442103,10967.655689730209,37989.22866485949,30067.834631442103,30067.834631442103,-0.1774264414620028,-0.1774264414620028,-0.1774264414620028,0.10458403324332392,0.10458403324332392,0.10458403324332392,-0.2820104747053267,-0.2820104747053267,-0.2820104747053267,0.0,0.0,0.0,24733.00573031736
2011-06-29,30108.40238175248,6740.179727892408,34191.50969470081,30108.40238175248,30108.40238175248,-0.30649157078867784,-0.30649157078867784,-0.30649157078867784,-0.010695895047293541,-0.010695895047293541,-0.010695895047293541,-0.2957956757413843,-0.2957956757413843,-0.2957956757413843,0.0,0.0,0.0,20880.430841831592
2011-06-30,30148.970132062852,16403.407093913203,43343.18933508393,30148.970132062852,30148.970132062852,-0.01016733161612382,-0.01016733161612382,-0.01016733161612382,0.2974482630007567,0.2974482630007567,0.2974482630007567,-0.30761559461688054,-0.30761559461688054,-0.30761559461688054,0.0,0.0,0.0,29842.435554845557
2011-07-01,30189.537882373224,3663.8213842941354,31786.570814830153,30189.537882373224,30189.537882373224,-0.4054360877655817,-0.4054360877655817,-0.4054360877655817,-0.08812944484248164,-0.08812944484248164,-0.08812944484248164,-0.31730664292310007,-0.31730664292310007,-0.31730664292310007,0.0,0.0,0.0,17949.609751893
2011-07-03,30270.67338299398,-6865.4382495733435,20932.933483581015,30270.67338299398,30270.67338299398,-0.7770799902253029,-0.7770799902253029,-0.7770799902253029,-0.4471953073133346,-0.4471953073133346,-0.4471953073133346,-0.3298846829119684,-0.3298846829119684,-0.3298846829119684,0.0,0.0,0.0,6747.93880642368
2011-07-04,30311.241133304353,6000.8639652037355,32152.103402132452,30311.241133304353,30311.241133304353,-0.38351628037155605,-0.38351628037155605,-0.38351628037155605,-0.05083261542553155,-0.05083261542553155,-0.05083261542553155,-0.33268366494602447,-0.33268366494602447,-0.33268366494602447,0.0,0.0,0.0,18686.386680414158
2011-07-05,30351.808883952275,10216.041428411238,36827.80159364627,30351.808883952275,30351.808883952275,-0.22859217751965943,-0.22859217751965943,-0.22859217751965943,0.10458403324207026,0.10458403324207026,0.10458403324207026,-0.3331762107617297,-0.3331762107617297,-0.3331762107617297,0.0,0.0,0.0,23413.62279950908
2011-07-06,30392.376634600194,5551.514384717215,32847.341526419084,30392.376634600194,30392.376634600194,-0.34212930144427744,-0.34212930144427744,-0.34212930144427744,-0.010695895047576162,-0.010695895047576162,-0.010695895047576162,-0.33143340639670127,-0.33143340639670127,-0.33143340639670127,0.0,0.0,0.0,19994.25404737305
2011-07-07,30432.94438524811,15450.969967692557,42195.849144655105,30432.94438524811,30432.94438524811,-0.030118614191050525,-0.030118614191050525,-0.030118614191050525,0.2974482630000155,0.2974482630000155,0.2974482630000155,-0.327566877191066,-0.327566877191066,-0.327566877191066,0.0,0.0,0.0,29516.34627461112
2011-07-08,30473.512135896028,4878.4105882394715,32184.99794465023,30473.512135896028,30473.512135896028,-0.40985366902939213,-0.40985366902939213,-0.40985366902939213,-0.08812944484227708,-0.08812944484227708,-0.08812944484227708,-0.32172422418711505,-0.32172422418711505,-0.32172422418711505,0.0,0.0,0.0,17983.831378787334
2011-07-10,30554.64763719186,-5496.631706673459,21058.014046596047,30554.64763719186,30554.64763719186,-0.7520438305634399,-0.7520438305634399,-0.7520438305634399,-0.4471953073142871,-0.4471953073142871,-0.4471953073142871,-0.3048485232491528,-0.3048485232491528,-0.3048485232491528,0.0,0.0,0.0,7576.213386601935
2011-07-11,30595.21538783978,6861.047095317273,33277.07329019717,30595.21538783978,30595.21538783978,-0.34507302817658203,-0.34507302817658203,-0.34507302817658203,-0.0508326154278594,-0.0508326154278594,-0.0508326154278594,-0.29424041274872265,-0.29424041274872265,-0.29424041274872265,0.0,0.0,0.0,20037.631766243147
2011-07-12,30635.783138487703,12311.495071853138,38693.002549798104,30635.783138487703,30635.783138487703,-0.17790954725473643,-0.17790954725473643,-0.17790954725473643,0.1045840332440471,0.1045840332440471,0.1045840332440471,-0.28249358049878354,-0.28249358049878354,-0.28249358049878354,0.0,0.0,0.0,25185.38483052507
2011-07-13,30676.35088913562,7674.380415814721,35642.27538445961,30676.35088913562,30676.35088913562,-0.2805442447539186,-0.2805442447539186,-0.2805442447539186,-0.010695895047963977,-0.010695895047963977,-0.010695895047963977,-0.2698483497059546,-0.2698483497059546,-0.2698483497059546,0.0,0.0,0.0,22070.27719713687
2011-07-14,30716.918639783544,18060.53999799299,45329.03508404921,30716.918639783544,30716.918639783544,0.04090305440010647,0.04090305440010647,0.04090305440010647,0.29744826300029403,0.29744826300029403,0.29744826300029403,-0.2565452086001876,-0.2565452086001876,-0.2565452086001876,0.0,0.0,0.0,31973.33443391026
2011-07-15,30757.4863913712,8575.332794539938,33585.691611509435,30757.4863913712,30757.4863913712,-0.3309487116049846,-0.3309487116049846,-0.3309487116049846,-0.08812944484207247,-0.08812944484207247,-0.08812944484207247,-0.24281926676291213,-0.24281926676291213,-0.24281926676291213,0.0,0.0,0.0,20578.335897939054
2011-07-17,30838.62189454652,-3235.8206503731453,24537.14294969194,30838.62189454652,30838.62189454652,-0.6621787831381643,-0.6621787831381643,-0.6621787831381643,-0.44719530731392315,-0.44719530731392315,-0.44719530731392315,-0.21498347582424113,-0.21498347582424113,-0.21498347582424113,0.0,0.0,0.0,10417.940774757755
2011-07-18,30879.18964613418,9829.007376757121,37852.88241566081,30879.18964613418,30879.18964613418,-0.2521085703397053,-0.2521085703397053,-0.2521085703397053,-0.05083261542641532,-0.05083261542641532,-0.05083261542641532,-0.20127595491329,-0.20127595491329,-0.20127595491329,0.0,0.0,0.0,23094.281291198662
2011-07-19,30919.757397721834,15877.057337491884,41281.58763157595,30919.757397721834,30919.757397721834,-0.08336023199626987,-0.08336023199626987,-0.08336023199626987,0.10458403324427641,0.10458403324427641,0.10458403324427641,-0.18794426524054628,-0.18794426524054628,-0.18794426524054628,0.0,0.0,0.0,28342.279247779363
2011-07-20,30960.325149309498,10498.086353446886,39502.00211764608,30960.325149309498,30960.325149309498,-0.18583353999558083,-0.18583353999558083,-0.18583353999558083,-0.010695895048351792,-0.010695895048351792,-0.010695895048351792,-0.17513764494722905,-0.17513764494722905,-0.17513764494722905,0.0,0.0,0.0,25206.858327399103
2011-07-21,31000.892900897154,21250.659091757178,47867.48555148453,31000.892900897154,31000.892900897154,0.13446601302022723,0.13446601302022723,0.13446601302022723,0.2974482629995528,0.2974482629995528,0.2974482629995528,-0.16298224997932556,-0.16298224997932556,-0.16298224997932556,0.0,0.0,0.0,35169.45936934786
2011-07-22,31041.460652484813,11254.12919966443,37008.93161095483,31041.460652484813,31041.460652484813,-0.23971066792368353,-0.23971066792368353,-0.23971066792368353,-0.08812944484239299,-0.08812944484239299,-0.08812944484239299,-0.15158122308129054,-0.15158122308129054,-0.15158122308129054,0.0,0.0,0.0,23600.491386150938
2011-07-24,31122.596155660132,274.16348183440766,26243.931154525104,31122.596155660132,31122.596155660132,-0.5785409316906667,-0.5785409316906667,-0.5785409316906667,-0.4471953073137163,-0.4471953073137163,-0.4471953073137163,-0.13134562437695033,-0.13134562437695033,-0.13134562437695033,0.0,0.0,0.0,13116.90037913216
2011-07-25,31163.16390718875,12523.198563049347,39578.145973854975,31163.16390718875,31163.16390718875,-0.1734459718611217,-0.1734459718611217,-0.1734459718611217,-0.05083261542658442,-0.05083261542658442,-0.05083261542658442,-0.1226133564345373,-0.1226133564345373,-0.1226133564345373,0.0,0.0,0.0,25758.03865703897
2011-07-26,31203.73165871737,17279.957092612567,45002.87215544305,31203.73165871737,31203.73165871737,-0.010260735681047572,-0.010260735681047572,-0.010260735681047572,0.1045840332447703,0.1045840332447703,0.1045840332447703,-0.11484476892581787,-0.11484476892581787,-0.11484476892581787,0.0,0.0,0.0,30883.558415904936
2011-07-27,31244.299410245985,14944.50711643685,41706.08684664836,31244.299410245985,31244.299410245985,-0.11874874791815553,-0.11874874791815553,-0.11874874791815553,-0.0106958950470986,-0.0106958950470986,-0.0106958950470986,-0.10805285287105693,-0.10805285287105693,-0.10805285287105693,0.0,0.0,0.0,27534.07797569931
2011-07-28,31284.867161774604,24040.24572383935,50551.65174707584,31284.867161774604,31284.867161774604,0.19520768770348873,0.19520768770348873,0.19520768770348873,0.2974482629997035,0.2974482629997035,0.2974482629997035,-0.10224057529621479,-0.10224057529621479,-0.10224057529621479,0.0,0.0,0.0,37391.913740535434
2011-07-29,31325.434913303223,11516.527402691287,38780.66600128189,31325.434913303223,31325.434913303223,-0.18553331191632588,-0.18553331191632588,-0.18553331191632588,-0.08812944484210963,-0.08812944484210963,-0.08812944484210963,-0.09740386707421625,-0.09740386707421625,-0.09740386707421625,0.0,0.0,0.0,25513.523226618774
2011-07-31,31406.570416360464,288.201132661007,28243.00362808668,31406.570416360464,31406.570416360464,-0.5378176162138487,-0.5378176162138487,-0.5378176162138487,-0.4471953073135094,-0.4471953073135094,-0.4471953073135094,-0.09062230890033929,-0.09062230890033929,-0.09062230890033929,0.0,0.0,0.0,14515.563581581097
2011-08-01,31447.138167889083,13614.981376921964,40802.98239463046,31447.138167889083,31447.138167889083,-0.13949046352400163,-0.13949046352400163,-0.13949046352400163,-0.05083261542514042,-0.05083261542514042,-0.05083261542514042,-0.08865784809886121,-0.08865784809886121,-0.08865784809886121,0.0,0.0,0.0,27060.56228834691
2011-08-02,31487.7059194177,19453.009838804126,45699.825668142825,31487.7059194177,31487.7059194177,0.01695067498315632,0.01695067498315632,0.01695067498315632,0.10458403324325209,0.10458403324325209,0.10458403324325209,-0.08763335826009577,-0.08763335826009577,-0.08763335826009577,0.0,0.0,0.0,32021.443788422956
2011-08-03,31528.27367094632,14809.721393663447,42488.182643081345,31528.27367094632,31528.27367094632,-0.09823988267178814,-0.09823988267178814,-0.09823988267178814,-0.0106958950490222,-0.0106958950490222,-0.0106958950490222,-0.08754398762276594,-0.08754398762276594,-0.08754398762276594,0.0,0.0,0.0,28430.939764668525
2011-08-04,31568.8414261355,24201.225666549966,51537.942007597536,31568.8414261355,31568.8414261355,0.20906025768369813,0.20906025768369813,0.20906025768369813,0.2974482629999821,0.2974482629999821,0.2974482629999821,-0.08838800531628396,-0.08838800531628396,-0.08838800531628396,0.0,0.0,0.0,38168.63154945919
2011-08-05,31609.40918132468,12364.357497764762,40209.048197738935,31609.40918132468,31609.40918132468,-0.17829583653722472,-0.17829583653722472,-0.17829583653722472,-0.0881294448425089,-0.0881294448425089,-0.0881294448425089,-0.09016639169471583,-0.09016639169471583,-0.09016639169471583,0.0,0.0,0.0,25973.583128892966
2011-08-07,31690.54469170304,1123.8335781289309,28556.89245303762,31690.54469170304,31690.54469170304,-0.5437319556863236,-0.5437319556863236,-0.5437319556863236,-0.4471953073143048,-0.4471953073143048,-0.4471953073143048,-0.09653664837201881,-0.09653664837201881,-0.09653664837201881,0.0,0.0,0.0,14459.382849718504
2011-08-08,31731.112446892224,13693.579709054447,41588.783485700435,31731.112446892224,31731.112446892224,-0.15196387921517052,-0.15196387921517052,-0.15196387921517052,-0.05083261542585506,-0.05083261542585506,-0.05083261542585506,-0.10113126378931547,-0.10113126378931547,-0.10113126378931547,0.0,0.0,0.0,26909.1295076497
2011-08-09,31771.680202081403,18230.11543624193,45669.89758644846,31771.680202081403,31771.680202081403,-0.002076726775490506,-0.002076726775490506,-0.002076726775490506,0.10458403324199844,0.10458403324199844,0.10458403324199844,-0.10666076001748895,-0.10666076001748895,-0.10666076001748895,0.0,0.0,0.0,31705.69910310342
2011-08-10,31812.247957270585,14090.253946205834,40724.81223421003,31812.247957270585,31812.247957270585,-0.12380808314433174,-0.12380808314433174,-0.12380808314433174,-0.010695895047874243,-0.010695895047874243,-0.010695895047874243,-0.1131121880964575,-0.1131121880964575,-0.1131121880964575,0.0,0.0,0.0,27873.634517168728
2011-08-11,31852.815712459764,23987.418749022345,49457.10024087033,31852.815712459764,31852.815712459764,0.17698701243350648,0.17698701243350648,0.17698701243350648,0.29744826300026067,0.29744826300026067,0.29744826300026067,-0.12046125056675419,-0.12046125056675419,-0.12046125056675419,0.0,0.0,0.0,37490.35040300307
2011-08-12,31893.383467648942,12096.49459904812,37412.04218245763,31893.383467648942,31893.383467648942,-0.2167984626455227,-0.2167984626455227,-0.2167984626455227,-0.08812944484222554,-0.08812944484222554,-0.08812944484222554,-0.12866901780329715,-0.12866901780329715,-0.12866901780329715,0.0,0.0,0.0,24978.94696329852
2011-08-14,31974.518978027303,176.1488547869287,25114.295053887865,31974.518978027303,31974.518978027303,-0.5946084329290425,-0.5946084329290425,-0.5946084329290425,-0.44719530731293866,-0.44719530731293866,-0.44719530731293866,-0.1474131256161039,-0.1474131256161039,-0.1474131256161039,0.0,0.0,0.0,12962.200354842558
2011-08-15,32015.086733900414,11887.801193975482,37792.43511898725,32015.086733900414,32015.086733900414,-0.20860424729568552,-0.20860424729568552,-0.20860424729568552,-0.05083261542818285,-0.05083261542818285,-0.05083261542818285,-0.15777163186750265,-0.15777163186750265,-0.15777163186750265,0.0,0.0,0.0,25336.603663669033
2011-08-16,32055.654489773522,16580.217747076334,43494.72509105523,32055.654489773522,32055.654489773522,-0.06404491158548176,-0.06404491158548176,-0.06404491158548176,0.10458403324423987,0.10458403324423987,0.10458403324423987,-0.16862894482972163,-0.16862894482972163,-0.16862894482972163,0.0,0.0,0.0,30002.652932161225
2011-08-17,32096.222245646637,11583.114127006676,38331.91278721393,32096.222245646637,32096.222245646637,-0.19052965258542323,-0.19052965258542323,-0.19052965258542323,-0.010695895048262044,-0.010695895048262044,-0.010695895048262044,-0.1798337575371612,-0.1798337575371612,-0.1798337575371612,0.0,0.0,0.0,25980.94017187905
2011-08-18,32136.790001519745,20368.384651613636,48141.32705753801,32136.790001519745,32136.790001519745,0.10623968806818768,0.10623968806818768,0.10623968806818768,0.2974482629993916,0.2974482629993916,0.2974482629993916,-0.1912085749312039,-0.1912085749312039,-0.1912085749312039,0.0,0.0,0.0,35550.992546794056
2011-08-19,32177.357757392856,8971.157800136114,36441.115860639744,32177.357757392856,32177.357757392856,-0.2906798714808102,-0.2906798714808102,-0.2906798714808102,-0.08812944484232285,-0.08812944484232285,-0.08812944484232285,-0.20255042663848738,-0.20255042663848738,-0.20255042663848738,0.0,0.0,0.0,22824.04753988185
2011-08-21,32258.49326913908,-4665.219049725799,22894.03031874893,32258.49326913908,32258.49326913908,-0.6714025292271532,-0.6714025292271532,-0.6714025292271532,-0.4471953073138911,-0.4471953073138911,-0.4471953073138911,-0.22420722191326206,-0.22420722191326206,-0.22420722191326206,0.0,0.0,0.0,10600.059299182005
2011-08-22,32299.06102501219,9488.766841060242,35880.756427906905,32299.06102501219,32299.06102501219,-0.2848418701011415,-0.2848418701011415,-0.2848418701011415,-0.05083261542835198,-0.05083261542835198,-0.05083261542835198,-0.23400925467278946,-0.23400925467278946,-0.23400925467278946,0.0,0.0,0.0,23098.936080136828
2011-08-23,32339.628780885298,14505.721206757018,41300.47058093794,32339.628780885298,32339.628780885298,-0.13817685631380056,-0.13817685631380056,-0.13817685631380056,0.10458403324272163,0.10458403324272163,0.10458403324272163,-0.24276088955652217,-0.24276088955652217,-0.24276088955652217,0.0,0.0,0.0,27871.04054158726
2011-08-24,32380.196536758413,9591.468053822098,36820.13431989273,32380.196536758413,32380.196536758413,-0.26087311188040574,-0.26087311188040574,-0.26087311188040574,-0.010695895047008852,-0.010695895047008852,-0.010695895047008852,-0.2501772168333969,-0.2501772168333969,-0.2501772168333969,0.0,0.0,0.0,23933.07390291511
2011-08-25,32420.764292853317,20961.4417260139,47875.80675576316,32420.764292853317,32420.764292853317,0.04147579142358945,0.04147579142358945,0.04147579142358945,0.29744826300069,0.29744826300069,0.29744826300069,-0.25597247157710057,-0.25597247157710057,-0.25597247157710057,0.0,0.0,0.0,33765.44115045706
2011-08-26,32461.332048948218,7923.431186585378,33696.90405797746,32461.332048948218,32461.332048948218,-0.3479963403963766,-0.3479963403963766,-0.3479963403963766,-0.08812944484242016,-0.08812944484242016,-0.08812944484242016,-0.2598668955539565,-0.2598668955539565,-0.2598668955539565,0.0,0.0,0.0,21164.907291522624
2011-08-28,32542.467561138026,-3775.8634382828623,23229.08078233383,32542.467561138026,32542.467561138026,-0.7081033846034801,-0.7081033846034801,-0.7081033846034801,-0.4471953073136842,-0.4471953073136842,-0.4471953073136842,-0.26090807728979587,-0.26090807728979587,-0.26090807728979587,0.0,0.0,0.0,9499.03613774723
2011-08-30,32623.60307332783,14343.489201499466,42996.29689673331,32623.60307332783,32623.60307332783,-0.14687842768539291,-0.14687842768539291,-0.14687842768539291,0.10458403324321554,0.10458403324321554,0.10458403324321554,-0.25146246092860847,-0.25146246092860847,-0.25146246092860847,0.0,0.0,0.0,27831.899548485086
2011-08-31,32664.170829422732,10268.06838264544,36925.58395539429,32664.170829422732,32664.170829422732,-0.253076676908207,-0.253076676908207,-0.253076676908207,-0.01069589504586091,-0.01069589504586091,-0.01069589504586091,-0.2423807818623461,-0.2423807818623461,-0.2423807818623461,0.0,0.0,0.0,24397.631021950434
2011-09-01,32704.738585517633,21645.758257291163,47731.472889041965,32704.738585517633,32704.738585517633,0.06719340289090264,0.06719340289090264,0.06719340289090264,0.2974482629998209,0.2974482629998209,0.2974482629998209,-0.23025486010891827,-0.23025486010891827,-0.23025486010891827,0.0,0.0,0.0,34902.28126173597
2011-09-02,32745.306341612537,9172.693015239738,36738.63018849373,32745.306341612537,32745.306341612537,-0.30317578781506327,-0.30317578781506327,-0.30317578781506327,-0.0881294448425175,-0.0881294448425175,-0.0881294448425175,-0.21504634297254577,-0.21504634297254577,-0.21504634297254577,0.0,0.0,0.0,22817.722294248568
2011-09-04,32826.441853802346,-455.50259123270314,26053.255858479064,32826.441853802346,32826.441853802346,-0.6227128978800788,-0.6227128978800788,-0.6227128978800788,-0.4471953073144796,-0.4471953073144796,-0.4471953073144796,-0.17551759056559918,-0.17551759056559918,-0.17551759056559918,0.0,0.0,0.0,12384.993119929182
2011-09-05,32867.00960989725,11743.71176501868,39518.364790211395,32867.00960989725,32867.00960989725,-0.20224950696645516,-0.20224950696645516,-0.20224950696645516,-0.05083261542762256,-0.05083261542762256,-0.05083261542762256,-0.15141689153883264,-0.15141689153883264,-0.15141689153883264,0.0,0.0,0.0,26219.673120833788
2011-09-06,32907.57736986023,18659.227931470323,45448.426488303616,32907.57736986023,32907.57736986023,-0.020089731846336514,-0.020089731846336514,-0.020089731846336514,0.10458403324370943,0.10458403324370943,0.10458403324370943,-0.12467376509004595,-0.12467376509004595,-0.12467376509004595,0.0,0.0,0.0,32246.472964787165
2011-09-07,32948.145129823206,15405.081974089213,42253.714115819406,32948.145129823206,32948.145129823206,-0.10624512418007678,-0.10624512418007678,-0.10624512418007678,-0.010695895047784496,-0.010695895047784496,-0.010695895047784496,-0.09554922913229229,-0.09554922913229229,-0.09554922913229229,0.0,0.0,0.0,29447.565359001946
2011-09-08,32988.712889786184,26697.910449362007,54040.164919858405,32988.712889786184,32988.712889786184,0.23308795772715596,0.23308795772715596,0.23308795772715596,0.2974482630009915,0.2974482630009915,0.2974482630009915,-0.06436030527383554,-0.06436030527383554,-0.06436030527383554,0.0,0.0,0.0,40677.984605313955
2011-09-09,33029.28064974916,16040.588928782056,42366.495915606014,33029.28064974916,33029.28064974916,-0.11960452678387004,-0.11960452678387004,-0.11960452678387004,-0.08812944484223417,-0.08812944484223417,-0.08812944484223417,-0.03147508194163586,-0.03147508194163586,-0.03147508194163586,0.0,0.0,0.0,29078.829167624277
2011-09-11,33110.41616967512,5928.516123181317,33966.14892569777,33110.41616967512,33110.41616967512,-0.4094989018805067,-0.4094989018805067,-0.4094989018805067,-0.44719530731295637,-0.44719530731295637,-0.44719530731295637,0.03769640543244967,0.03769640543244967,0.03769640543244967,0.0,0.0,0.0,19551.737107386587
2011-09-12,33150.9839296381,20270.959356252115,47013.60113801704,33150.9839296381,33150.9839296381,0.02222284530337798,0.02222284530337798,0.02222284530337798,-0.05083261542617851,-0.05083261542617851,-0.05083261542617851,0.07305546072955649,0.07305546072955649,0.07305546072955649,0.0,0.0,0.0,33887.693117161216
2011-09-13,33191.55168960108,26856.897732942234,54316.92992399198,33191.55168960108,33191.55168960108,0.21285929397911824,0.21285929397911824,0.21285929397911824,0.10458403324420333,0.10458403324420333,0.10458403324420333,0.10827526073491492,0.10827526073491492,0.10827526073491492,0.0,0.0,0.0,40256.68194832098
2011-09-14,33232.11944956406,24211.932488046015,51763.57937007627,33232.11944956406,33232.11944956406,0.1321569280944172,0.1321569280944172,0.1321569280944172,-0.01069589504653129,-0.01069589504653129,-0.01069589504653129,0.1428528231409485,0.1428528231409485,0.1428528231409485,0.0,0.0,0.0,37623.97427008518
2011-09-15,33272.68720952704,35881.79966756386,62955.2269261047,33272.68720952704,33272.68720952704,0.47373716103602415,0.47373716103602415,0.47373716103602415,0.29744826300025023,0.29744826300025023,0.29744826300025023,0.1762888980357739,0.1762888980357739,0.1762888980357739,0.0,0.0,0.0,49035.19558820801
2011-09-16,33313.254969490015,24210.822711118726,51295.43707195368,33313.254969490015,33313.254969490015,0.11996980607923555,0.11996980607923555,0.11996980607923555,-0.08812944484233151,-0.08812944484233151,-0.08812944484233151,0.20809925092156709,0.20809925092156709,0.20809925092156709,0.0,0.0,0.0,37309.83970804786
2011-09-18,33394.39048941597,14040.79362541181,40243.80226137018,33394.39048941597,33394.39048941597,-0.18214788522787181,-0.18214788522787181,-0.18214788522787181,-0.4471953073127495,-0.4471953073127495,-0.4471953073127495,0.26504742208487764,0.26504742208487764,0.26504742208487764,0.0,0.0,0.0,27311.672883295098
2011-09-19,33434.95824937896,27997.271658631344,54868.00948842555,33434.95824937896,33434.95824937896,0.23855715713882517,0.23855715713882517,0.23855715713882517,-0.050832615428506284,-0.050832615428506284,-0.050832615428506284,0.28938977256733145,0.28938977256733145,0.28938977256733145,0.0,0.0,0.0,41411.106838406115
2011-09-20,33475.52600934193,34021.64432102639,60156.80222947874,33475.52600934193,33475.52600934193,0.41511846223309123,0.41511846223309123,0.41511846223309123,0.10458403324268509,0.10458403324268509,0.10458403324268509,0.3105344289904062,0.3105344289904062,0.3105344289904062,0.0,0.0,0.0,47371.8348887838
2011-09-21,33516.093769304905,30446.90713430127,57333.43803961519,33516.093769304905,33516.093769304905,0.3175306093502262,0.3175306093502262,0.3175306093502262,-0.010695895046919146,-0.010695895046919146,-0.010695895046919146,0.32822650439714535,0.32822650439714535,0.32822650439714535,0.0,0.0,0.0,44158.47944691161
2011-09-22,33556.66152926789,42121.61242708085,69362.79507655928,33556.66152926789,33556.66152926789,0.639729120522299,0.639729120522299,0.639729120522299,0.2974482630005288,0.2974482630005288,0.2974482630005288,0.3422808575217703,0.3422808575217703,0.3422808575217703,0.0,0.0,0.0,55023.835097050905
2011-09-23,33597.22928923087,28556.6906430976,55016.220094932396,33597.22928923087,33597.22928923087,0.2644571461578008,0.2644571461578008,0.2644571461578008,-0.08812944484212695,-0.08812944484212695,-0.08812944484212695,0.35258659099992773,0.35258659099992773,0.35258659099992773,0.0,0.0,0.0,42482.25666587014
2011-09-25,33678.364809156825,18016.585616294058,44878.313873780244,33678.364809156825,33678.364809156825,-0.08530146449348375,-0.08530146449348375,-0.08530146449348375,-0.4471953073123855,-0.4471953073123855,-0.4471953073123855,0.36189384281890175,0.36189384281890175,0.36189384281890175,0.0,0.0,0.0,30805.550969189942
2011-09-26,33718.9325691198,31359.18872133671,57253.98017131836,33718.9325691198,33718.9325691198,0.31022637745246573,0.31022637745246573,0.31022637745246573,-0.05083261542706222,-0.05083261542706222,-0.05083261542706222,0.3610589928795279,0.3610589928795279,0.3610589928795279,0.0,0.0,0.0,44179.43487160181
2011-09-27,33759.50032908278,36534.91435719933,63405.6744779994,33759.50032908278,33759.50032908278,0.46138235236341346,0.46138235236341346,0.46138235236341346,0.10458403324317898,0.10458403324317898,0.10458403324317898,0.35679831912023446,0.35679831912023446,0.35679831912023446,0.0,0.0,0.0,49335.538005528426
2011-09-28,33800.06808904576,33195.48461533142,59362.53716845738,33800.06808904576,33800.06808904576,0.33867713833707475,0.33867713833707475,0.33867713833707475,-0.010695895047201698,-0.010695895047201698,-0.010695895047201698,0.34937303338427644,0.34937303338427644,0.34937303338427644,0.0,0.0,0.0,45247.37842504206
2011-09-29,33840.635849008744,41619.6836635083,69063.61618781723,33840.635849008744,33840.635849008744,0.6365537931743297,0.6365537931743297,0.6365537931743297,0.2974482630008074,0.2974482630008074,0.2974482630008074,0.33910553017352235,0.33910553017352235,0.33910553017352235,0.0,0.0,0.0,55382.020962126466
2011-09-30,33881.203608971715,27802.94249185444,54804.91229657656,33881.203608971715,33881.203608971715,0.2382414855647413,0.2382414855647413,0.2382414855647413,-0.08812944484244736,-0.08812944484244736,-0.08812944484244736,0.3263709304071887,0.3263709304071887,0.3263709304071887,0.0,0.0,0.0,41953.111889494605
2011-10-02,33962.33912889768,15840.26318811746,41932.91442756607,33962.33912889768,33962.33912889768,-0.15199074571488388,-0.15199074571488388,-0.15199074571488388,-0.447195307313338,-0.447195307313338,-0.447195307313338,0.2952045615984541,0.2952045615984541,0.2952045615984541,0.0,0.0,0.0,28800.377878474737
2011-10-03,34002.906888860656,27978.80966695888,56537.614811929365,34002.906888860656,34002.906888860656,0.2268605329068896,0.2268605329068896,0.2268605329068896,-0.05083261542723136,-0.05083261542723136,-0.05083261542723136,0.27769314833412095,0.27769314833412095,0.27769314833412095,0.0,0.0,0.0,41716.82446605093
2011-10-04,34043.474648823634,33950.65470248155,60006.40598536826,34043.474648823634,34043.474648823634,0.36411551517053575,0.36411551517053575,0.36411551517053575,0.10458403324192535,0.10458403324192535,0.10458403324192535,0.2595314819286104,0.2595314819286104,0.2595314819286104,0.0,0.0,0.0,46439.231958775126
2011-10-05,34084.04240878661,27924.243809550033,54933.72812986363,34084.04240878661,34084.04240878661,0.23049796944884948,0.23049796944884948,0.23049796944884948,-0.010695895047484319,-0.010695895047484319,-0.010695895047484319,0.24119386449633382,0.24119386449633382,0.24119386449633382,0.0,0.0,0.0,41940.3449746204
2011-10-06,34124.61016874959,39747.436107826084,66361.05568010549,34124.61016874959,34124.61016874959,0.5205866505415572,0.5205866505415572,0.5205866505415572,0.29744826300095817,0.29744826300095817,0.29744826300095817,0.22313838754059906,0.22313838754059906,0.22313838754059906,0.0,0.0,0.0,51889.4266775353
2011-10-07,34165.17792871257,24944.981063681385,51660.33929818248,34165.17792871257,34165.17792871257,0.1176660092267241,0.1176660092267241,0.1176660092267241,-0.0881294448422428,-0.0881294448422428,-0.0881294448422428,0.20579545406896688,0.20579545406896688,0.20579545406896688,0.0,0.0,0.0,38185.258070105134
2011-10-09,34246.31344863853,10912.322516007107,38677.05572291768,34246.31344863853,34246.31344863853,-0.2724271068141092,-0.2724271068141092,-0.2724271068141092,-0.44719530731429047,-0.44719530731429047,-0.44719530731429047,0.17476820050018127,0.17476820050018127,0.17476820050018127,0.0,0.0,0.0,24916.689356776817
2011-10-10,34286.88120860151,24150.001139530108,51753.257110434424,34286.88120860151,34286.88120860151,0.11088488956297193,0.11088488956297193,0.11088488956297193,-0.050832615427400474,-0.050832615427400474,-0.050832615427400474,0.1617175049903724,0.1617175049903724,0.1617175049903724,0.0,0.0,0.0,38088.778244876026
2011-10-11,34327.44896856449,29510.13204340834,56639.97879310217,34327.44896856449,34327.44896856449,0.25521665199989674,0.25521665199989674,0.25521665199989674,0.10458403324390218,0.10458403324390218,0.10458403324390218,0.15063261875599454,0.15063261875599454,0.15063261875599454,0.0,0.0,0.0,43088.38556601882
2011-10-12,34368.016728527466,25079.776409287453,53043.92794840206,34368.016728527466,34368.016728527466,0.1309793337280432,0.1309793337280432,0.1309793337280432,-0.010695895047872092,-0.010695895047872092,-0.010695895047872092,0.1416752287759153,0.1416752287759153,0.1416752287759153,0.0,0.0,0.0,38869.516661184236
2011-10-13,34408.58448849045,36829.404341391455,62294.961483549785,34408.58448849045,34408.58448849045,0.4323872950453504,0.4323872950453504,0.4323872950453504,0.2974482630002169,0.2974482630002169,0.2974482630002169,0.1349390320451335,0.1349390320451335,0.1349390320451335,0.0,0.0,0.0,49286.41926180824
2011-10-14,34449.15224845342,22373.812093501685,48208.83736591472,34449.15224845342,34449.15224845342,0.04232021129117769,0.04232021129117769,0.04232021129117769,-0.08812944484234009,-0.08812944484234009,-0.08812944484234009,0.13044965613351775,0.13044965613351775,0.13044965613351775,0.0,0.0,0.0,35907.04765040991
2011-10-16,34530.287768379385,9513.898832531295,38000.04067085177,34530.287768379385,34530.287768379385,-0.3192075651746078,-0.3192075651746078,-0.3192075651746078,-0.44719530731392654,-0.44719530731392654,-0.44719530731392654,0.12798774213931874,0.12798774213931874,0.12798774213931874,0.0,0.0,0.0,23507.95868505646
2011-10-17,34570.855528342356,23934.4276954743,51085.60579682639,34570.855528342356,34570.855528342356,0.07892185579593847,0.07892185579593847,0.07892185579593847,-0.05083261542811515,-0.05083261542811515,-0.05083261542811515,0.12975447122405362,0.12975447122405362,0.12975447122405362,0.0,0.0,0.0,37299.25160309241
2011-10-18,34611.42328830534,29738.780192021815,55934.09966229522,34611.42328830534,34611.42328830534,0.2378443256238623,0.2378443256238623,0.2378443256238623,0.10458403324264853,0.10458403324264853,0.10458403324264853,0.13326029238121376,0.13326029238121376,0.13326029238121376,0.0,0.0,0.0,42843.55391919437
2011-10-19,34651.99104826832,24802.567382088866,52094.30945475332,34651.99104826832,34651.99104826832,0.12756373946238903,0.12756373946238903,0.12756373946238903,-0.010695895048259935,-0.010695895048259935,-0.010695895048259935,0.138259634510649,0.138259634510649,0.138259634510649,0.0,0.0,0.0,39072.32860620265
2011-10-20,34692.5588082313,36552.33295358169,62550.90442436785,34692.5588082313,34692.5588082313,0.44192665625953287,0.44192665625953287,0.44192665625953287,0.29744826299947563,0.29744826299947563,0.29744826299947563,0.1444783932600573,0.1444783932600573,0.1444783932600573,0.0,0.0,0.0,50024.125319440165
2011-10-21,34733.126568194275,23640.980805176954,50772.34778956563,34733.126568194275,34733.126568194275,0.06349582970083165,0.06349582970083165,0.06349582970083165,-0.08812944484243745,-0.08812944484243745,-0.08812944484243745,0.15162527454326907,0.15162527454326907,0.15162527454326907,0.0,0.0,0.0,36938.535257745774
2011-10-23,34814.26208812023,11160.559182924744,37817.06582910466,34814.26208812023,34814.26208812023,-0.27967165016643536,-0.27967165016643536,-0.27967165016643536,-0.44719530731371965,-0.44719530731371965,-0.44719530731371965,0.16752365714728426,0.16752365714728426,0.16752365714728426,0.0,0.0,0.0,25077.699960608876
2011-10-24,34854.82984808321,25644.86885567737,52660.04569734151,34854.82984808321,34854.82984808321,0.124881200351974,0.124881200351974,0.124881200351974,-0.050832615426671085,-0.050832615426671085,-0.050832615426671085,0.1757138157786451,0.1757138157786451,0.1757138157786451,0.0,0.0,0.0,39207.542837575646
2011-10-25,34895.397608046194,32079.72725984601,57715.47913264626,34895.397608046194,34895.397608046194,0.2883163705055761,0.2883163705055761,0.2883163705055761,0.10458403324462538,0.10458403324462538,0.10458403324462538,0.18373233726095076,0.18373233726095076,0.18373233726095076,0.0,0.0,0.0,44956.31199374703
2011-10-26,34935.965368009165,27316.15369679501,54947.040685673244,34935.965368009165,34935.965368009165,0.18068129336224306,0.18068129336224306,0.18068129336224306,-0.010695895047111964,-0.010695895047111964,-0.010695895047111964,0.19137718840935503,0.19137718840935503,0.19137718840935503,0.0,0.0,0.0,41248.24077555959
2011-10-27,34976.53312797215,39184.17939001213,66670.66618748974,34976.53312797215,34976.53312797215,0.4959431631230098,0.4959431631230098,0.4959431631230098,0.29744826299962634,0.29744826299962634,0.29744826299962634,0.19849490012338336,0.19849490012338336,0.19849490012338336,0.0,0.0,0.0,52322.9056025354
2011-10-28,35017.10088793513,24839.280530339733,52546.80885550458,35017.10088793513,35017.10088793513,0.11685825104867395,0.11685825104867395,0.11685825104867395,-0.08812944484245602,-0.08812944484245602,-0.08812944484245602,0.20498769589112997,0.20498769589112997,0.20498769589112997,0.0,0.0,0.0,39109.13805449419
2011-10-30,35098.23640786109,14406.314672471412,40314.90497435484,35098.23640786109,35098.23640786109,-0.23118035609148205,-0.23118035609148205,-0.23118035609148205,-0.44719530731351276,-0.44719530731351276,-0.44719530731351276,0.21601495122203074,0.21601495122203074,0.21601495122203074,0.0,0.0,0.0,26984.213616908746
2011-10-31,35138.80416782406,26952.450779954124,54380.146995010626,35138.80416782406,35138.80416782406,0.16983565187697341,0.16983565187697341,0.16983565187697341,-0.050832615425227004,-0.050832615425227004,-0.050832615425227004,0.2206682673022004,0.2206682673022004,0.2206682673022004,0.0,0.0,0.0,41106.62587984378
2011-11-01,35179.37192778705,33190.528062744466,60395.76026177044,35179.37192778705,35179.37192778705,0.3295175936624522,0.3295175936624522,0.3295175936624522,0.10458403324310714,0.10458403324310714,0.10458403324310714,0.2249335604193451,0.2249335604193451,0.2249335604193451,0.0,0.0,0.0,46771.59391198785
2011-11-02,35219.939687750026,29960.57110199561,56096.969088621125,35219.939687750026,35219.939687750026,0.21832902274718782,0.21832902274718782,0.21832902274718782,-0.010695895048930343,-0.010695895048930343,-0.010695895048930343,0.22902491779611817,0.22902491779611817,0.22902491779611817,0.0,0.0,0.0,42909.474700991384
2011-11-03,35260.507447713004,41126.334234806265,67025.77800625094,35260.507447713004,35260.507447713004,0.5306575847343551,0.5306575847343551,0.5306575847343551,0.2974482629999049,0.2974482629999049,0.2974482629999049,0.23320932173445014,0.23320932173445014,0.23320932173445014,0.0,0.0,0.0,53971.76316642413
2011-11-04,35301.07520767598,27357.089446187496,54023.31960683697,35301.07520767598,35301.07520767598,0.14966876836803267,0.14966876836803267,0.14966876836803267,-0.08812944484225146,-0.08812944484225146,-0.08812944484225146,0.2377982132102841,0.2377982132102841,0.2377982132102841,0.0,0.0,0.0,40584.54365607614
2011-11-06,35382.21072760194,16154.891370253574,42226.728616480264,35382.21072760194,35382.21072760194,-0.1976018213426776,-0.1976018213426776,-0.1976018213426776,-0.4471953073144652,-0.4471953073144652,-0.4471953073144652,0.2495934859717876,0.2495934859717876,0.2495934859717876,0.0,0.0,0.0,28390.62144469737
2011-11-07,35422.778487564916,29106.739731660142,55798.97859928374,35422.778487564916,35422.778487564916,0.20671083765787449,0.20671083765787449,0.20671083765787449,-0.05083261542594167,-0.05083261542594167,-0.05083261542594167,0.25754345308381615,0.25754345308381615,0.25754345308381615,0.0,0.0,0.0,42745.0507008988
2011-11-08,35463.3462475279,35652.83431341574,61633.2138489594,35463.3462475279,35463.3462475279,0.37194131794904717,0.37194131794904717,0.37194131794904717,0.10458403324360104,0.10458403324360104,0.10458403324360104,0.2673572847054461,0.2673572847054461,0.2673572847054461,0.0,0.0,0.0,48653.62998971683
2011-11-09,35503.91400749087,31277.965496933335,57621.684004251794,35503.91400749087,35503.91400749087,0.26868865414317955,0.26868865414317955,0.26868865414317955,-0.0106958950477824,-0.0106958950477824,-0.0106958950477824,0.27938454919096195,0.27938454919096195,0.27938454919096195,0.0,0.0,0.0,45043.41287897878
2011-11-10,35544.48176745386,42601.75087423874,70008.74773774321,35544.48176745386,35544.48176745386,0.5913873605995958,0.5913873605995958,0.5913873605995958,0.2974482630001835,0.2974482630001835,0.2974482630001835,0.2939390975994123,0.2939390975994123,0.2939390975994123,0.0,0.0,0.0,56565.03902378885
2011-11-11,35585.049527416835,30221.530071180736,56913.64615106623,35585.049527416835,35585.049527416835,0.22315499589843732,0.22315499589843732,0.22315499589843732,-0.0881294448425719,-0.0881294448425719,-0.0881294448425719,0.3112844407410092,0.3112844407410092,0.3112844407410092,0.0,0.0,0.0,43526.03110875323
2011-11-12,35625.61728737981,40170.19432556962,67119.59809189259,35625.61728737981,35625.61728789306,0.5264409396555484,0.5264409396555484,0.5264409396555484,0.1948209663876651,0.1948209663876651,0.1948209663876651,0.3316199732678833,0.3316199732678833,0.3316199732678833,0.0,0.0,0.0,54380.40072795699
2011-11-13,35666.18504734279,18690.74829013334,46013.92093915296,35666.185046760045,35666.18504949721,-0.09212680715066784,-0.09212680715066784,-0.09212680715066784,-0.44719530731294194,-0.44719530731294194,-0.44719530731294194,0.3550685001622741,0.3550685001622741,0.3550685001622741,0.0,0.0,0.0,32380.37329568621
2011-11-14,35706.75280730577,34068.5522232293,60710.40875851294,35706.75280489659,35706.75281190597,0.33083287969326725,0.33083287969326725,0.33083287969326725,-0.050832615426110755,-0.050832615426110755,-0.050832615426110755,0.381665495119378,0.381665495119378,0.381665495119378,0.0,0.0,0.0,47519.72066304239
2011-11-15,35747.32056726875,41410.29813773781,67580.8978871142,35747.32056314146,35747.320574477264,0.5159345145706844,0.5159345145706844,0.5159345145706844,0.10458403324409493,0.10458403324409493,0.10458403324409493,0.4113504813265896,0.4113504813265896,0.4113504813265896,0.0,0.0,0.0,54190.59705134519
2011-11-16,35787.88832723173,37729.79184908965,64336.70737048418,35787.88832095468,35787.888338393226,0.43326497884753085,0.43326497884753085,0.43326497884753085,-0.010695895048170201,-0.010695895048170201,-0.010695895048170201,0.44396087389570105,0.44396087389570105,0.44396087389570105,0.0,0.0,0.0,51293.52700632759
2011-11-17,35828.4560871947,51157.84252468191,77157.0389987247,35828.4560776844,35828.45610230837,0.7766768239475111,0.7766768239475111,0.7766768239475111,0.29744826299944227,0.29744826299944227,0.29744826299944227,0.47922856094806887,0.47922856094806887,0.47922856094806887,0.0,0.0,0.0,63655.58756793996
2011-11-18,35869.02384715769,38031.41673011187,64424.5205811886,35869.02383364356,35869.02386746627,0.42864998384295183,0.42864998384295183,0.42864998384295183,-0.08812944484228857,-0.08812944484228857,-0.08812944484228857,0.5167794286852404,0.5167794286852404,0.5167794286852404,0.0,0.0,0.0,51244.28033970429
2011-11-19,35909.59160712067,49022.208639137076,77092.13439977421,35909.59158934068,35909.59163249858,0.7509569229459828,0.7509569229459828,0.7509569229459828,0.1948209663873401,0.1948209663873401,0.1948209663873401,0.5561359565586428,0.5561359565586428,0.5561359565586428,0.0,0.0,0.0,62876.14802465089
2011-11-20,35950.159367083645,27368.15765967551,53886.446450291114,35950.159345168846,35950.15939736305,0.1495276167088147,0.1495276167088147,0.1495276167088147,-0.4471953073138944,-0.4471953073138944,-0.4471953073138944,0.5967229240227091,0.5967229240227091,0.5967229240227091,0.0,0.0,0.0,41325.70101754573
2011-11-21,35990.72712704662,43672.98737216987,70381.98997385486,35990.727101773635,35990.72716349527,0.587043567201099,0.587043567201099,0.587043567201099,-0.0508326154262799,-0.0508326154262799,-0.0508326154262799,0.6378761826273789,0.6378761826273789,0.6378761826273789,0.0,0.0,0.0,57118.851965869435
2011-11-22,36031.2948870096,51286.14741608076,77163.72844713565,36031.294855897264,36031.294930193566,0.7834383920532212,0.7834383920532212,0.7834383920532212,0.10458403324458883,0.10458403324458883,0.10458403324458883,0.6788543588086323,0.6788543588086323,0.6788543588086323,0.0,0.0,0.0,64259.594616883856
2011-11-23,36071.86264697258,48125.77129852169,74994.52540364412,36071.86261020239,36071.862696121156,0.708157371131046,0.708157371131046,0.708157371131046,-0.010695895046917037,-0.010695895046917037,-0.010695895046917037,0.7188532661779631,0.7188532661779631,0.7188532661779631,0.0,0.0,0.0,61616.41807085286
2011-11-24,36112.43040693556,59757.80677559395,87734.82623647529,36112.4303625332,36112.43046369699,1.0544709868629534,1.0544709868629534,1.0544709868629534,0.29744826300061283,0.29744826300061283,0.29744826300061283,0.7570227238623406,0.7570227238623406,0.7570227238623406,0.0,0.0,0.0,74191.94053615662
2011-11-25,36152.99816689854,48121.4309651357,75709.25295362745,36152.99811634261,36152.99823143192,0.7043559570754611,0.7043559570754611,0.7043559570754611,-0.08812944484268781,-0.08812944484268781,-0.08812944484268781,0.7924854019181489,0.7924854019181489,0.7924854019181489,0.0,0.0,0.0,61617.57779189176
2011-11-26,36193.56592686151,59637.372972015604,86091.61985307926,36193.56587026541,36193.56599790945,1.0191782146536361,1.0191782146536361,1.0191782146536361,0.19482096638701502,0.19482096638701502,0.19482096638701502,0.824357248266621,0.824357248266621,0.824357248266621,0.0,0.0,0.0,73081.25983014892
2011-11-27,36234.1336868245,38504.31750849418,64306.35395757901,36234.133622533736,36234.13376582506,0.4045736886940689,0.4045736886940689,0.4045736886940689,-0.4471953073136875,-0.4471953073136875,-0.4471953073136875,0.8517689960077564,0.8517689960077564,0.8517689960077564,0.0,0.0,0.0,50893.51080913711
2011-11-28,36274.701446787476,52743.13730865428,79602.72205115866,36274.70137392136,36274.70153264204,0.8230555916900963,0.8230555916900963,0.8230555916900963,-0.05083261542754006,-0.05083261542754006,-0.05083261542754006,0.8738882071176364,0.8738882071176364,0.8738882071176364,0.0,0.0,0.0,66130.79730945473
2011-11-29,36315.269206750454,60640.1874312737,86755.33158889074,36315.26912452067,36315.269299974425,0.9945253130629917,0.9945253130629917,0.9945253130629917,0.1045840332430706,0.1045840332430706,0.1045840332430706,0.8899412798199212,0.8899412798199212,0.8899412798199212,0.0,0.0,0.0,72431.72368356078
2011-11-30,36355.83696671344,55418.588276499955,81240.09787201759,36355.83687696519,36355.83707156126,0.8885389383574801,0.8885389383574801,0.8885389383574801,-0.010695895047304851,-0.010695895047304851,-0.010695895047304851,0.899234833404785,0.899234833404785,0.899234833404785,0.0,0.0,0.0,68659.41374821463
2011-12-01,36396.40472667641,66490.08422328894,93249.18961774345,36396.40462662377,36396.404840584255,1.1986241495638776,1.1986241495638776,1.1986241495638776,0.2974482629998716,0.2974482629998716,0.2974482629998716,0.901175886564006,0.901175886564006,0.901175886564006,0.0,0.0,0.0,80022.01438937162
2011-12-02,36436.97248663939,52819.634620759236,79171.51291815565,36436.97237681472,36436.97260903615,0.8071608187836274,0.8071608187836274,0.8071608187836274,-0.08812944484248325,-0.08812944484248325,-0.08812944484248325,0.8952902636261107,0.8952902636261107,0.8952902636261107,0.0,0.0,0.0,65847.46903295175
2011-12-03,36477.540246602366,62064.24927318218,89467.55133215342,36477.54013048233,36477.540379153,1.076059663545894,1.076059663545894,1.076059663545894,0.19482096638668994,0.19482096638668994,0.19482096638668994,0.8812386971592041,0.8812386971592041,0.8812386971592041,0.0,0.0,0.0,75729.54993134312
2011-12-04,36518.10800656535,37593.930009728385,64447.90678313026,36518.10788271407,36518.10814949038,0.4116348372657581,0.4116348372657581,0.4116348372657581,-0.44719530731448287,-0.44719530731448287,-0.44719530731448287,0.8588301445802411,0.8588301445802411,0.8588301445802411,0.0,0.0,0.0,51550.23345310126
2011-12-05,36558.67576652832,50844.1322353799,78734.61959895138,36558.67563605959,36558.67591838334,0.7771992841237041,0.7771992841237041,0.7771992841237041,-0.05083261542770916,-0.05083261542770916,-0.05083261542770916,0.8280318995514132,0.8280318995514132,0.8280318995514132,0.0,0.0,0.0,64972.05240078474
2011-12-06,36599.24352649131,56548.80086324567,83288.31689559088,36599.243386943315,36599.24368346637,0.8935601877884093,0.8935601877884093,0.8935601877884093,0.10458403324531204,0.10458403324531204,0.10458403324531204,0.7889761545430972,0.7889761545430972,0.7889761545430972,0.0,0.0,0.0,69302.8704449366
2011-12-07,36639.811286454285,49876.02379785485,77600.25462736787,36639.811138407254,36639.811453364906,0.7312668620738101,0.7312668620738101,0.7312668620738101,-0.010695895047692666,-0.010695895047692666,-0.010695895047692666,0.7419627571215027,0.7419627571215027,0.7419627571215027,0.0,0.0,0.0,63433.29111287628
2011-12-08,36680.37904641726,59702.69600969371,86685.82210610906,36680.37888695135,36680.37922296782,0.9849062600821826,0.9849062600821826,0.9849062600821826,0.29744826300104216,0.29744826300104216,0.29744826300104216,0.6874579970811405,0.6874579970811405,0.6874579970811405,0.0,0.0,0.0,72807.11399142095
2011-12-09,36720.94680638025,42921.674745395234,69922.50393768796,36720.94663826798,36720.94699222469,0.5379599172000044,0.5379599172000044,0.5379599172000044,-0.0881294448421999,-0.0881294448421999,-0.0881294448421999,0.6260893620422042,0.6260893620422042,0.6260893620422042,0.0,0.0,0.0,56475.344309846325
